--
-- PostgreSQL database dump
--

-- Dumped from database version 16.0
-- Dumped by pg_dump version 16.0

SET statement_timeout = 0;
SET lock_timeout = 0;
SET idle_in_transaction_session_timeout = 0;
SET client_encoding = 'UTF8';
SET standard_conforming_strings = on;
SELECT pg_catalog.set_config('search_path', '', false);
SET check_function_bodies = false;
SET xmloption = content;
SET client_min_messages = warning;
SET row_security = off;

SET default_tablespace = '';

SET default_table_access_method = heap;

--
-- Name: auth_group; Type: TABLE; Schema: public; Owner: dev_app
--

CREATE TABLE public.auth_group (
    id integer NOT NULL,
    name character varying(150) NOT NULL
);


ALTER TABLE public.auth_group OWNER TO dev_app;

--
-- Name: auth_group_id_seq; Type: SEQUENCE; Schema: public; Owner: dev_app
--

ALTER TABLE public.auth_group ALTER COLUMN id ADD GENERATED BY DEFAULT AS IDENTITY (
    SEQUENCE NAME public.auth_group_id_seq
    START WITH 1
    INCREMENT BY 1
    NO MINVALUE
    NO MAXVALUE
    CACHE 1
);


--
-- Name: auth_group_permissions; Type: TABLE; Schema: public; Owner: dev_app
--

CREATE TABLE public.auth_group_permissions (
    id bigint NOT NULL,
    group_id integer NOT NULL,
    permission_id integer NOT NULL
);


ALTER TABLE public.auth_group_permissions OWNER TO dev_app;

--
-- Name: auth_group_permissions_id_seq; Type: SEQUENCE; Schema: public; Owner: dev_app
--

ALTER TABLE public.auth_group_permissions ALTER COLUMN id ADD GENERATED BY DEFAULT AS IDENTITY (
    SEQUENCE NAME public.auth_group_permissions_id_seq
    START WITH 1
    INCREMENT BY 1
    NO MINVALUE
    NO MAXVALUE
    CACHE 1
);


--
-- Name: auth_permission; Type: TABLE; Schema: public; Owner: dev_app
--

CREATE TABLE public.auth_permission (
    id integer NOT NULL,
    name character varying(255) NOT NULL,
    content_type_id integer NOT NULL,
    codename character varying(100) NOT NULL
);


ALTER TABLE public.auth_permission OWNER TO dev_app;

--
-- Name: auth_permission_id_seq; Type: SEQUENCE; Schema: public; Owner: dev_app
--

ALTER TABLE public.auth_permission ALTER COLUMN id ADD GENERATED BY DEFAULT AS IDENTITY (
    SEQUENCE NAME public.auth_permission_id_seq
    START WITH 1
    INCREMENT BY 1
    NO MINVALUE
    NO MAXVALUE
    CACHE 1
);


--
-- Name: django_admin_log; Type: TABLE; Schema: public; Owner: dev_app
--

CREATE TABLE public.django_admin_log (
    id integer NOT NULL,
    action_time timestamp with time zone NOT NULL,
    object_id text,
    object_repr character varying(200) NOT NULL,
    action_flag smallint NOT NULL,
    change_message text NOT NULL,
    content_type_id integer,
    user_id bigint NOT NULL,
    CONSTRAINT django_admin_log_action_flag_check CHECK ((action_flag >= 0))
);


ALTER TABLE public.django_admin_log OWNER TO dev_app;

--
-- Name: django_admin_log_id_seq; Type: SEQUENCE; Schema: public; Owner: dev_app
--

ALTER TABLE public.django_admin_log ALTER COLUMN id ADD GENERATED BY DEFAULT AS IDENTITY (
    SEQUENCE NAME public.django_admin_log_id_seq
    START WITH 1
    INCREMENT BY 1
    NO MINVALUE
    NO MAXVALUE
    CACHE 1
);


--
-- Name: django_content_type; Type: TABLE; Schema: public; Owner: dev_app
--

CREATE TABLE public.django_content_type (
    id integer NOT NULL,
    app_label character varying(100) NOT NULL,
    model character varying(100) NOT NULL
);


ALTER TABLE public.django_content_type OWNER TO dev_app;

--
-- Name: django_content_type_id_seq; Type: SEQUENCE; Schema: public; Owner: dev_app
--

ALTER TABLE public.django_content_type ALTER COLUMN id ADD GENERATED BY DEFAULT AS IDENTITY (
    SEQUENCE NAME public.django_content_type_id_seq
    START WITH 1
    INCREMENT BY 1
    NO MINVALUE
    NO MAXVALUE
    CACHE 1
);


--
-- Name: django_migrations; Type: TABLE; Schema: public; Owner: dev_app
--

CREATE TABLE public.django_migrations (
    id bigint NOT NULL,
    app character varying(255) NOT NULL,
    name character varying(255) NOT NULL,
    applied timestamp with time zone NOT NULL
);


ALTER TABLE public.django_migrations OWNER TO dev_app;

--
-- Name: django_migrations_id_seq; Type: SEQUENCE; Schema: public; Owner: dev_app
--

ALTER TABLE public.django_migrations ALTER COLUMN id ADD GENERATED BY DEFAULT AS IDENTITY (
    SEQUENCE NAME public.django_migrations_id_seq
    START WITH 1
    INCREMENT BY 1
    NO MINVALUE
    NO MAXVALUE
    CACHE 1
);


--
-- Name: django_session; Type: TABLE; Schema: public; Owner: dev_app
--

CREATE TABLE public.django_session (
    session_key character varying(40) NOT NULL,
    session_data text NOT NULL,
    expire_date timestamp with time zone NOT NULL
);


ALTER TABLE public.django_session OWNER TO dev_app;

--
-- Name: feeds_feed; Type: TABLE; Schema: public; Owner: dev_app
--

CREATE TABLE public.feeds_feed (
    id bigint NOT NULL,
    source_name character varying(150) NOT NULL,
    source_image character varying(200) NOT NULL,
    source_description character varying(255) NOT NULL,
    source_url character varying(200) NOT NULL
);


ALTER TABLE public.feeds_feed OWNER TO dev_app;

--
-- Name: feeds_feed_id_seq; Type: SEQUENCE; Schema: public; Owner: dev_app
--

ALTER TABLE public.feeds_feed ALTER COLUMN id ADD GENERATED BY DEFAULT AS IDENTITY (
    SEQUENCE NAME public.feeds_feed_id_seq
    START WITH 1
    INCREMENT BY 1
    NO MINVALUE
    NO MAXVALUE
    CACHE 1
);


--
-- Name: token_blacklist_blacklistedtoken; Type: TABLE; Schema: public; Owner: dev_app
--

CREATE TABLE public.token_blacklist_blacklistedtoken (
    id bigint NOT NULL,
    blacklisted_at timestamp with time zone NOT NULL,
    token_id bigint NOT NULL
);


ALTER TABLE public.token_blacklist_blacklistedtoken OWNER TO dev_app;

--
-- Name: token_blacklist_blacklistedtoken_id_seq; Type: SEQUENCE; Schema: public; Owner: dev_app
--

ALTER TABLE public.token_blacklist_blacklistedtoken ALTER COLUMN id ADD GENERATED BY DEFAULT AS IDENTITY (
    SEQUENCE NAME public.token_blacklist_blacklistedtoken_id_seq
    START WITH 1
    INCREMENT BY 1
    NO MINVALUE
    NO MAXVALUE
    CACHE 1
);


--
-- Name: token_blacklist_outstandingtoken; Type: TABLE; Schema: public; Owner: dev_app
--

CREATE TABLE public.token_blacklist_outstandingtoken (
    id bigint NOT NULL,
    token text NOT NULL,
    created_at timestamp with time zone,
    expires_at timestamp with time zone NOT NULL,
    user_id bigint,
    jti character varying(255) NOT NULL
);


ALTER TABLE public.token_blacklist_outstandingtoken OWNER TO dev_app;

--
-- Name: token_blacklist_outstandingtoken_id_seq; Type: SEQUENCE; Schema: public; Owner: dev_app
--

ALTER TABLE public.token_blacklist_outstandingtoken ALTER COLUMN id ADD GENERATED BY DEFAULT AS IDENTITY (
    SEQUENCE NAME public.token_blacklist_outstandingtoken_id_seq
    START WITH 1
    INCREMENT BY 1
    NO MINVALUE
    NO MAXVALUE
    CACHE 1
);


--
-- Name: users_user; Type: TABLE; Schema: public; Owner: dev_app
--

CREATE TABLE public.users_user (
    id bigint NOT NULL,
    password character varying(128) NOT NULL,
    last_login timestamp with time zone,
    is_superuser boolean NOT NULL,
    first_name character varying(150) NOT NULL,
    last_name character varying(150) NOT NULL,
    is_staff boolean NOT NULL,
    is_active boolean NOT NULL,
    date_joined timestamp with time zone NOT NULL,
    email character varying(254) NOT NULL
);


ALTER TABLE public.users_user OWNER TO dev_app;

--
-- Name: users_user_feeds; Type: TABLE; Schema: public; Owner: dev_app
--

CREATE TABLE public.users_user_feeds (
    id bigint NOT NULL,
    user_id bigint NOT NULL,
    feed_id bigint NOT NULL
);


ALTER TABLE public.users_user_feeds OWNER TO dev_app;

--
-- Name: users_user_feeds_id_seq; Type: SEQUENCE; Schema: public; Owner: dev_app
--

ALTER TABLE public.users_user_feeds ALTER COLUMN id ADD GENERATED BY DEFAULT AS IDENTITY (
    SEQUENCE NAME public.users_user_feeds_id_seq
    START WITH 1
    INCREMENT BY 1
    NO MINVALUE
    NO MAXVALUE
    CACHE 1
);


--
-- Name: users_user_groups; Type: TABLE; Schema: public; Owner: dev_app
--

CREATE TABLE public.users_user_groups (
    id bigint NOT NULL,
    user_id bigint NOT NULL,
    group_id integer NOT NULL
);


ALTER TABLE public.users_user_groups OWNER TO dev_app;

--
-- Name: users_user_groups_id_seq; Type: SEQUENCE; Schema: public; Owner: dev_app
--

ALTER TABLE public.users_user_groups ALTER COLUMN id ADD GENERATED BY DEFAULT AS IDENTITY (
    SEQUENCE NAME public.users_user_groups_id_seq
    START WITH 1
    INCREMENT BY 1
    NO MINVALUE
    NO MAXVALUE
    CACHE 1
);


--
-- Name: users_user_id_seq; Type: SEQUENCE; Schema: public; Owner: dev_app
--

ALTER TABLE public.users_user ALTER COLUMN id ADD GENERATED BY DEFAULT AS IDENTITY (
    SEQUENCE NAME public.users_user_id_seq
    START WITH 1
    INCREMENT BY 1
    NO MINVALUE
    NO MAXVALUE
    CACHE 1
);


--
-- Name: users_user_user_permissions; Type: TABLE; Schema: public; Owner: dev_app
--

CREATE TABLE public.users_user_user_permissions (
    id bigint NOT NULL,
    user_id bigint NOT NULL,
    permission_id integer NOT NULL
);


ALTER TABLE public.users_user_user_permissions OWNER TO dev_app;

--
-- Name: users_user_user_permissions_id_seq; Type: SEQUENCE; Schema: public; Owner: dev_app
--

ALTER TABLE public.users_user_user_permissions ALTER COLUMN id ADD GENERATED BY DEFAULT AS IDENTITY (
    SEQUENCE NAME public.users_user_user_permissions_id_seq
    START WITH 1
    INCREMENT BY 1
    NO MINVALUE
    NO MAXVALUE
    CACHE 1
);


--
-- Data for Name: auth_group; Type: TABLE DATA; Schema: public; Owner: dev_app
--

COPY public.auth_group (id, name) FROM stdin;
\.


--
-- Data for Name: auth_group_permissions; Type: TABLE DATA; Schema: public; Owner: dev_app
--

COPY public.auth_group_permissions (id, group_id, permission_id) FROM stdin;
\.


--
-- Data for Name: auth_permission; Type: TABLE DATA; Schema: public; Owner: dev_app
--

COPY public.auth_permission (id, name, content_type_id, codename) FROM stdin;
1	Can add log entry	1	add_logentry
2	Can change log entry	1	change_logentry
3	Can delete log entry	1	delete_logentry
4	Can view log entry	1	view_logentry
5	Can add permission	2	add_permission
6	Can change permission	2	change_permission
7	Can delete permission	2	delete_permission
8	Can view permission	2	view_permission
9	Can add group	3	add_group
10	Can change group	3	change_group
11	Can delete group	3	delete_group
12	Can view group	3	view_group
13	Can add content type	4	add_contenttype
14	Can change content type	4	change_contenttype
15	Can delete content type	4	delete_contenttype
16	Can view content type	4	view_contenttype
17	Can add session	5	add_session
18	Can change session	5	change_session
19	Can delete session	5	delete_session
20	Can view session	5	view_session
21	Can add blacklisted token	6	add_blacklistedtoken
22	Can change blacklisted token	6	change_blacklistedtoken
23	Can delete blacklisted token	6	delete_blacklistedtoken
24	Can view blacklisted token	6	view_blacklistedtoken
25	Can add outstanding token	7	add_outstandingtoken
26	Can change outstanding token	7	change_outstandingtoken
27	Can delete outstanding token	7	delete_outstandingtoken
28	Can view outstanding token	7	view_outstandingtoken
29	Can add user	8	add_user
30	Can change user	8	change_user
31	Can delete user	8	delete_user
32	Can view user	8	view_user
33	Can add feed	9	add_feed
34	Can change feed	9	change_feed
35	Can delete feed	9	delete_feed
36	Can view feed	9	view_feed
37	Can add feed item	10	add_feeditem
38	Can change feed item	10	change_feeditem
39	Can delete feed item	10	delete_feeditem
40	Can view feed item	10	view_feeditem
\.


--
-- Data for Name: django_admin_log; Type: TABLE DATA; Schema: public; Owner: dev_app
--

COPY public.django_admin_log (id, action_time, object_id, object_repr, action_flag, change_message, content_type_id, user_id) FROM stdin;
\.


--
-- Data for Name: django_content_type; Type: TABLE DATA; Schema: public; Owner: dev_app
--

COPY public.django_content_type (id, app_label, model) FROM stdin;
1	admin	logentry
2	auth	permission
3	auth	group
4	contenttypes	contenttype
5	sessions	session
6	token_blacklist	blacklistedtoken
7	token_blacklist	outstandingtoken
8	users	user
9	feeds	feed
10	feeds	feeditem
\.


--
-- Data for Name: django_migrations; Type: TABLE DATA; Schema: public; Owner: dev_app
--

COPY public.django_migrations (id, app, name, applied) FROM stdin;
1	contenttypes	0001_initial	2024-02-14 10:35:22.344325+02
2	contenttypes	0002_remove_content_type_name	2024-02-14 10:35:22.350323+02
3	auth	0001_initial	2024-02-14 10:35:22.387325+02
4	auth	0002_alter_permission_name_max_length	2024-02-14 10:35:22.393323+02
5	auth	0003_alter_user_email_max_length	2024-02-14 10:35:22.396325+02
6	auth	0004_alter_user_username_opts	2024-02-14 10:35:22.398325+02
7	auth	0005_alter_user_last_login_null	2024-02-14 10:35:22.401328+02
8	auth	0006_require_contenttypes_0002	2024-02-14 10:35:22.402326+02
9	auth	0007_alter_validators_add_error_messages	2024-02-14 10:35:22.405324+02
10	auth	0008_alter_user_username_max_length	2024-02-14 10:35:22.408323+02
11	auth	0009_alter_user_last_name_max_length	2024-02-14 10:35:22.411325+02
12	auth	0010_alter_group_name_max_length	2024-02-14 10:35:22.414324+02
13	auth	0011_update_proxy_permissions	2024-02-14 10:35:22.417323+02
14	auth	0012_alter_user_first_name_max_length	2024-02-14 10:35:22.420326+02
15	users	0001_initial	2024-02-14 10:35:22.455325+02
16	admin	0001_initial	2024-02-14 10:35:22.473325+02
17	admin	0002_logentry_remove_auto_add	2024-02-14 10:35:22.479327+02
18	admin	0003_logentry_add_action_flag_choices	2024-02-14 10:35:22.483327+02
19	feeds	0001_initial	2024-02-14 10:35:22.497323+02
20	sessions	0001_initial	2024-02-14 10:35:22.511329+02
21	token_blacklist	0001_initial	2024-02-14 10:35:22.539324+02
22	token_blacklist	0002_outstandingtoken_jti_hex	2024-02-14 10:35:22.546323+02
23	token_blacklist	0003_auto_20171017_2007	2024-02-14 10:35:22.553324+02
24	token_blacklist	0004_auto_20171017_2013	2024-02-14 10:35:22.563327+02
25	token_blacklist	0005_remove_outstandingtoken_jti	2024-02-14 10:35:22.569324+02
26	token_blacklist	0006_auto_20171017_2113	2024-02-14 10:35:22.574326+02
27	token_blacklist	0007_auto_20171017_2214	2024-02-14 10:35:22.588325+02
28	token_blacklist	0008_migrate_to_bigautofield	2024-02-14 10:35:22.632327+02
29	token_blacklist	0010_fix_migrate_to_bigautofield	2024-02-14 10:35:22.641325+02
30	token_blacklist	0011_linearizes_history	2024-02-14 10:35:22.644324+02
31	token_blacklist	0012_alter_outstandingtoken_user	2024-02-14 10:35:22.648323+02
32	users	0002_user_feeds	2024-02-14 20:42:43.877863+02
33	feeds	0002_alter_feed_source_url	2024-02-14 22:16:09.085789+02
34	feeds	0003_alter_feed_source_description	2024-02-15 20:52:05.203195+02
\.


--
-- Data for Name: django_session; Type: TABLE DATA; Schema: public; Owner: dev_app
--

COPY public.django_session (session_key, session_data, expire_date) FROM stdin;
\.


--
-- Data for Name: feeds_feed; Type: TABLE DATA; Schema: public; Owner: dev_app
--

COPY public.feeds_feed (id, source_name, source_image, source_description, source_url) FROM stdin;
5	Dnevnik.bg	https://www.dnevnik.bg/images/label_dnevnik_rss.png		https://www.dnevnik.bg/rss/
6	BNR News	https://bnr.bg/img/logos/logo-white-news.png	News from BNR	https://bnr.bg/rss
7	BG RSS Free			https://www.bta.bg/bg/rss/free
8	StandartNews.com		Информационна агенция Стандарт Нюз и вестник Стандарт ⭐ Новини, анализи, коментари, интервюта ➤ Актуални ❰ вести ❱ от България и Света	https://www.standartnews.com/rss
9	Novinite.bg		Всички - Новините - от България и света, бизнес, анализи, политика	https://www.novinite.bg/rss
10	Новини от 24chasa.bg	https://www.24chasa.bg/images/24h-logo.jpg	Всекидневника за новините, каквито са	https://www.24chasa.bg/rss
11	VESTI.bg		Български и световни новини от бизнеса и политиката. Наука, технологии и медии. Инциденти и произшествия, съдебна система. Любопитно за звездите.	https://www.vesti.bg/rss
12	Блиц - новини от България и света	https://blitz.bg/assets/img/blitz-144x144.jpg	Блиц - новини от България и света - новините в реално време от полседните минути!	https://blitz.bg/rss
13	DNES.BG	https://www.dnes.bg/images/rss_logo.png		https://www.dnes.bg/rss.php
4	IGN ALL	https://s3.amazonaws.com/o.assets.images.ign.com/kraken/IGN-Logo-RSS.png	The latest IGN news, reviews and videos about video games, movies, TV, tech and comics	https://feeds.feedburner.com/ign/all
2	Капитал	https://www.capital.bg/build/img/rss/capital-rss.gif		https://www.capital.bg/rss/
14	BBC News - Home	https://news.bbcimg.co.uk/nol/shared/img/bbc_news_120x60.gif	BBC News - Home	https://feeds.bbci.co.uk/news/rss.xml
15	Deutsche Welle	https://rss.dw.com/images/DW-L-RGB_whitebg.png	Deutsche Welle	https://rss.dw.com/atom/rss-en-all
16	Articles and Investigations - ProPublica	https://assets.propublica.org/propublica-rss-logo.png	Latest Articles and Investigations from ProPublica, an independent, non-profit newsroom that produces investigative journalism in the public interest.	https://www.propublica.org/feeds/propublica/main
17	Reuters News Agency	https://www.reutersagency.com/wp-content/uploads/2019/06/fav-150x150.png		https://www.reutersagency.com/feed/?taxonomy=best-topics&post_type=best
18	Telegraph.bg		Телеграф - Новините без компромиси	https://telegraph.bg/rss
19	Онлайн вестник Струма	https://www.struma.com/images/logo-rss.gif	Новините на югозападна България	https://www.struma.com/rss
20	Актуални новини от България и света.	https://cdn.actualno.eu/actualnoresponsive/img/design/actualno_logo.jpg	Актуални новини, мнения и коментари	https://www.actualno.com/rss
\.


--
-- Data for Name: token_blacklist_blacklistedtoken; Type: TABLE DATA; Schema: public; Owner: dev_app
--

COPY public.token_blacklist_blacklistedtoken (id, blacklisted_at, token_id) FROM stdin;
1	2024-02-14 22:51:16.610929+02	1
2	2024-02-16 20:41:06.746299+02	3
3	2024-02-16 21:39:18.944253+02	4
4	2024-02-16 21:39:26.488361+02	5
5	2024-02-16 23:55:04.567412+02	22
6	2024-02-17 13:55:03.287325+02	31
7	2024-02-17 14:18:59.649611+02	29
8	2024-02-17 17:13:22.526063+02	37
9	2024-02-17 17:17:12.219883+02	38
10	2024-02-17 18:07:57.218353+02	39
11	2024-02-17 18:13:34.013169+02	40
12	2024-02-17 18:18:31.297201+02	41
13	2024-02-17 18:20:37.501172+02	42
14	2024-02-17 18:22:31.273567+02	43
15	2024-02-17 18:26:57.585671+02	44
16	2024-02-17 18:33:34.934347+02	45
17	2024-02-17 18:56:29.918409+02	46
18	2024-02-17 18:57:31.613+02	47
19	2024-02-17 18:59:20.184869+02	48
20	2024-02-17 19:22:22.304518+02	49
21	2024-02-17 19:27:36.49639+02	50
22	2024-02-17 19:35:03.860982+02	51
23	2024-02-17 19:36:46.755007+02	52
24	2024-02-17 19:45:00.607188+02	53
25	2024-02-17 19:46:13.747444+02	54
26	2024-02-17 19:53:52.45753+02	55
27	2024-02-17 20:01:24.767436+02	56
28	2024-02-17 20:06:28.994899+02	57
29	2024-02-17 20:15:29.506926+02	58
30	2024-02-17 20:21:39.480024+02	59
31	2024-02-17 21:20:49.668921+02	60
32	2024-02-17 22:16:03.325288+02	61
33	2024-02-17 22:25:58.77984+02	62
34	2024-02-17 22:34:59.426714+02	63
35	2024-02-17 22:40:12.503874+02	64
36	2024-02-17 22:45:39.264415+02	65
37	2024-02-17 22:50:55.588731+02	66
38	2024-02-17 22:55:57.814849+02	67
39	2024-02-17 23:01:19.204038+02	68
40	2024-02-17 23:06:59.5236+02	69
41	2024-02-17 23:12:13.429141+02	70
42	2024-02-17 23:17:21.431794+02	71
43	2024-02-17 23:25:57.64872+02	72
44	2024-02-17 23:31:00.308763+02	73
45	2024-02-17 23:50:13.368025+02	74
46	2024-02-17 23:55:17.455905+02	75
47	2024-02-18 00:00:17.975113+02	76
48	2024-02-18 00:08:47.398259+02	77
49	2024-02-18 00:14:15.555389+02	78
50	2024-02-18 00:20:02.310006+02	79
51	2024-02-18 00:28:01.353661+02	80
52	2024-02-18 11:40:59.456683+02	81
53	2024-02-18 11:46:11.828648+02	82
54	2024-02-18 11:52:06.361099+02	83
55	2024-02-18 12:56:42.549677+02	84
56	2024-02-18 13:03:04.067329+02	85
57	2024-02-18 13:13:37.210145+02	86
58	2024-02-18 13:21:16.279005+02	87
59	2024-02-18 17:15:17.592247+02	88
60	2024-02-18 17:23:30.471403+02	89
61	2024-02-18 17:28:46.479742+02	90
62	2024-02-18 17:33:56.859599+02	91
63	2024-02-18 17:38:57.855158+02	92
64	2024-02-18 17:44:47.411994+02	93
66	2024-02-18 17:50:12.171251+02	94
67	2024-02-18 17:55:12.790344+02	95
68	2024-02-18 18:07:52.722893+02	96
70	2024-02-18 18:13:04.706563+02	97
71	2024-02-19 20:20:03.546364+02	98
\.


--
-- Data for Name: token_blacklist_outstandingtoken; Type: TABLE DATA; Schema: public; Owner: dev_app
--

COPY public.token_blacklist_outstandingtoken (id, token, created_at, expires_at, user_id, jti) FROM stdin;
1	eyJhbGciOiJIUzI1NiIsInR5cCI6IkpXVCJ9.eyJ0b2tlbl90eXBlIjoicmVmcmVzaCIsImV4cCI6MTcwNzk4NjkxOSwiaWF0IjoxNzA3OTAwNTE5LCJqdGkiOiI0NjcyZDY1MTRkYzM0Yzc4YmQ1YzdjMGI5ODAxNTEzNCIsInVzZXJfaWQiOjF9.gIRNVyeRTd6EFEOatgCV6_OoYBZcNWpWBoHQwP4ssGk	2024-02-14 10:48:39.510903+02	2024-02-15 10:48:39+02	1	4672d6514dc34c78bd5c7c0b98015134
2	eyJhbGciOiJIUzI1NiIsInR5cCI6IkpXVCJ9.eyJ0b2tlbl90eXBlIjoicmVmcmVzaCIsImV4cCI6MTcwODEwNzU3NiwiaWF0IjoxNzA4MDIxMTc2LCJqdGkiOiJlYmI5ZjljYmNhYWE0MjgwOWM3NjcwZDAyM2UwYjkwNyIsInVzZXJfaWQiOjF9.H0arB5tn71PjUK-KfmooiQhFZuJ6TQPHlLZuNXExbkE	2024-02-15 20:19:36.627549+02	2024-02-16 20:19:36+02	1	ebb9f9cbcaaa42809c7670d023e0b907
3	eyJhbGciOiJSUzI1NiIsInR5cCI6IkpXVCJ9.eyJ0b2tlbl90eXBlIjoicmVmcmVzaCIsImV4cCI6MTcwODU0MDgxOSwiaWF0IjoxNzA4MTA4ODE5LCJqdGkiOiI5NmRiNmVkMTQwYzg0MTc3OTkxZTI4NTMxMzM1NTkyNyIsInVzZXJfaWQiOjF9.bma0qFGx7rllzTMznjIjO8M8bTQ7b1X_HinpokXPY9QoW_KIXNJwqDRfISMiIbQRx3Hx_UwdYI6-I9pq1m3jOQ	2024-02-16 20:40:19.291386+02	2024-02-21 20:40:19+02	1	96db6ed140c84177991e285313355927
4	eyJhbGciOiJSUzI1NiIsInR5cCI6IkpXVCJ9.eyJ0b2tlbl90eXBlIjoicmVmcmVzaCIsImV4cCI6MTcwODU0MDg2NiwiaWF0IjoxNzA4MTA4ODY2LCJqdGkiOiIwOTQyMjk2NmEzMDU0NjIzYjFlZWJkYmFjNjQwNTcxZiIsInVzZXJfaWQiOjEsImZpcnN0X25hbWUiOiJQZXNobyJ9.MsyN6Sbwxb1OCndsDi5BilZLujfSBiICsashptN8a67iOzPXE4TlsqadpS8zsj5mooCkMqod1G1vSryq8X14AQ	\N	2024-02-21 20:41:06+02	\N	09422966a3054623b1eebdbac640571f
5	eyJhbGciOiJSUzI1NiIsInR5cCI6IkpXVCJ9.eyJ0b2tlbl90eXBlIjoicmVmcmVzaCIsImV4cCI6MTcwODU0NDM1OCwiaWF0IjoxNzA4MTEyMzU4LCJqdGkiOiJhY2JhOThhNDNhMTc0NTRlYjllMWUxOTMwYmIzNzc0OCIsInVzZXJfaWQiOjEsImZpcnN0X25hbWUiOiJQZXNobyJ9.S0KyoFmOqKt7XW2lDBnliUirxqwbm6CbajogWIwTLJx0P74IOjtY1zHhQf3_PjSgYtO9n-wrrqv0XYwmQCA2uQ	\N	2024-02-21 21:39:18+02	\N	acba98a43a17454eb9e1e1930bb37748
6	eyJhbGciOiJSUzI1NiIsInR5cCI6IkpXVCJ9.eyJ0b2tlbl90eXBlIjoicmVmcmVzaCIsImV4cCI6MTcwODU0ODA4MiwiaWF0IjoxNzA4MTE2MDgyLCJqdGkiOiIxNTExOWZhYTA4ZGU0MDFmOWYyZjE4OTAzNmM4NjIwMSIsInVzZXJfaWQiOjF9.n0IRjMiUffb0kjTGROnKXL0ALBer46GhWuNguMHBhwagPGyFRXJFZRBGiR-G5F_RBmoTCRlwt_bjUVa-9-HHug	2024-02-16 22:41:22.186722+02	2024-02-21 22:41:22+02	1	15119faa08de401f9f2f189036c86201
7	eyJhbGciOiJSUzI1NiIsInR5cCI6IkpXVCJ9.eyJ0b2tlbl90eXBlIjoicmVmcmVzaCIsImV4cCI6MTcwODU0ODY4NywiaWF0IjoxNzA4MTE2Njg3LCJqdGkiOiJlNjU5N2IzYzNhYzk0OWI5OThmZmNkNjIyYjMyNjU2YSIsInVzZXJfaWQiOjF9.fH72GVQE5PFmSbINrcNTjyfeqoynuGHU7myZmVCZVnJQmPAIUXSfeQSQtnEGW3jRphcaLfSr-T5zHmBKptIKRQ	2024-02-16 22:51:27.727991+02	2024-02-21 22:51:27+02	1	e6597b3c3ac949b998ffcd622b32656a
8	eyJhbGciOiJSUzI1NiIsInR5cCI6IkpXVCJ9.eyJ0b2tlbl90eXBlIjoicmVmcmVzaCIsImV4cCI6MTcwODU0ODc2MCwiaWF0IjoxNzA4MTE2NzYwLCJqdGkiOiI2YTNjYzkwMDUxODI0ZTBjODhhNDkxYjAxNDI0YjgzMCIsInVzZXJfaWQiOjF9.GuaSYwg9h-xiYjemXghCQ_i3W94tR3Pg3xz8aw5ClEVSvae4NPgIoZhqesBIDpZGisZxxeSxHNx53BH9IHZNGQ	2024-02-16 22:52:40.484858+02	2024-02-21 22:52:40+02	1	6a3cc90051824e0c88a491b01424b830
9	eyJhbGciOiJSUzI1NiIsInR5cCI6IkpXVCJ9.eyJ0b2tlbl90eXBlIjoicmVmcmVzaCIsImV4cCI6MTcwODU0ODc4MCwiaWF0IjoxNzA4MTE2NzgwLCJqdGkiOiJlMmI3NzE5MWFkMjQ0YjQzYmYwNjA2NzRkYTIwYzBiNSIsInVzZXJfaWQiOjF9.akgCUAt8ak-TknKUDtSD2pOAejNsjCnrpoFyzBIlv0YkIsBAB7LlQLBI4QZi4xN6snyyfczJITExjtqBXpeyAA	2024-02-16 22:53:00.083167+02	2024-02-21 22:53:00+02	1	e2b77191ad244b43bf060674da20c0b5
10	eyJhbGciOiJSUzI1NiIsInR5cCI6IkpXVCJ9.eyJ0b2tlbl90eXBlIjoicmVmcmVzaCIsImV4cCI6MTcwODU0ODgwMiwiaWF0IjoxNzA4MTE2ODAyLCJqdGkiOiI0NzM2ZjAxZTI0Yjk0NTg5Yjk1NjJjMWI3NGJkZWRjMyIsInVzZXJfaWQiOjF9.gTEVSDSd6gfaCxRgN9M9EcBnBDAfEhjl7goFTbGIF9uxu433iBxzQ_v6NWPCbqNpk_afudu-x05GV8V5X-YDyA	2024-02-16 22:53:22.325494+02	2024-02-21 22:53:22+02	1	4736f01e24b94589b9562c1b74bdedc3
11	eyJhbGciOiJSUzI1NiIsInR5cCI6IkpXVCJ9.eyJ0b2tlbl90eXBlIjoicmVmcmVzaCIsImV4cCI6MTcwODU0OTAyNiwiaWF0IjoxNzA4MTE3MDI2LCJqdGkiOiJkZTM2NTZmYWRhY2Y0MTNlYjA3NmI5Y2QyNTBmZTQwYyIsInVzZXJfaWQiOjF9.NJs_3tNx-Dv-hhw8f8M49lNIEtPQ098YizeUfOMk031804oqN6K9bKpjs8ukps4liY6p61lkJuKGk64DdqDJ_A	2024-02-16 22:57:06.457589+02	2024-02-21 22:57:06+02	1	de3656fadacf413eb076b9cd250fe40c
12	eyJhbGciOiJSUzI1NiIsInR5cCI6IkpXVCJ9.eyJ0b2tlbl90eXBlIjoicmVmcmVzaCIsImV4cCI6MTcwODU0OTE4OCwiaWF0IjoxNzA4MTE3MTg4LCJqdGkiOiI0ZTljMzkyMWJmZjU0ZWZhYmIzMzk2YWU3MzNiMzMwNyIsInVzZXJfaWQiOjF9.nKDM6j-tzkU1ZHZEv4sO_G4xCWy_GoMuMpWGlYxU9EoxzETVA5mPxVDjx-pXbexxnFleS4Upe2dV3szSXYjc3A	2024-02-16 22:59:48.802562+02	2024-02-21 22:59:48+02	1	4e9c3921bff54efabb3396ae733b3307
13	eyJhbGciOiJSUzI1NiIsInR5cCI6IkpXVCJ9.eyJ0b2tlbl90eXBlIjoicmVmcmVzaCIsImV4cCI6MTcwODU0OTIwNywiaWF0IjoxNzA4MTE3MjA3LCJqdGkiOiJjOWMyNjA2MzU5MjY0N2Y3YWUwM2Y0ZjAzMmMxMjViMCIsInVzZXJfaWQiOjF9.HmkEdN1aWWkNFw-BEJ_yuDVDE89YdG8CKMmUAdPfCkPzg0VCz8NmA8ri2X3zbpEMKovdcAzDCa9h1qNK-WkHXg	2024-02-16 23:00:07.93545+02	2024-02-21 23:00:07+02	1	c9c26063592647f7ae03f4f032c125b0
14	eyJhbGciOiJSUzI1NiIsInR5cCI6IkpXVCJ9.eyJ0b2tlbl90eXBlIjoicmVmcmVzaCIsImV4cCI6MTcwODU0OTI0MSwiaWF0IjoxNzA4MTE3MjQxLCJqdGkiOiIyOGM1NGRhOTk0MTc0NjhhYjE0ZWIxMDVmZDk0ZmVhZSIsInVzZXJfaWQiOjF9.GhWecUDcl8Hmy1WbCErrwLFH7F7H-Rbugo9U5PK-R3wKMy64FGrc5EAObvaEff1ZRzVQsN1pM6etDCMFYFdCdA	2024-02-16 23:00:41.083923+02	2024-02-21 23:00:41+02	1	28c54da99417468ab14eb105fd94feae
15	eyJhbGciOiJSUzI1NiIsInR5cCI6IkpXVCJ9.eyJ0b2tlbl90eXBlIjoicmVmcmVzaCIsImV4cCI6MTcwODU0OTI1NCwiaWF0IjoxNzA4MTE3MjU0LCJqdGkiOiJhM2RhOTYxYTAxZDU0OWY2YmVhMjI5YzJiZWMzZWUzNCIsInVzZXJfaWQiOjF9.aQTLzQEHJXKUMdzSty3Bmk8CA8yJimWMjtizKwQELTTpnxQKWNjNJfE-RPTTHOrVpMctSbRsnkT3BkXauh8miw	2024-02-16 23:00:54.304992+02	2024-02-21 23:00:54+02	1	a3da961a01d549f6bea229c2bec3ee34
16	eyJhbGciOiJSUzI1NiIsInR5cCI6IkpXVCJ9.eyJ0b2tlbl90eXBlIjoicmVmcmVzaCIsImV4cCI6MTcwODU0OTMzMCwiaWF0IjoxNzA4MTE3MzMwLCJqdGkiOiI0MzM0ZTliN2Y2NTc0MzIzODcyM2JlNGFlYjFmZDA5YyIsInVzZXJfaWQiOjF9.IstwkeBdkWABXX7Mx_Vc_hCWZWfaRacKc5llQpeW8tB_vbQuizSf6BFkRQJKZgSXwvBlXdWcPn5gP3UR3C0Log	2024-02-16 23:02:10.173215+02	2024-02-21 23:02:10+02	1	4334e9b7f65743238723be4aeb1fd09c
17	eyJhbGciOiJSUzI1NiIsInR5cCI6IkpXVCJ9.eyJ0b2tlbl90eXBlIjoicmVmcmVzaCIsImV4cCI6MTcwODU0OTQyMCwiaWF0IjoxNzA4MTE3NDIwLCJqdGkiOiJlZTcwNzg4NjhkZjI0N2YxOTlhMjU5YTkzMDAzYTZiMiIsInVzZXJfaWQiOjF9.NqSThR4B9TmMP4aeM-RuDxUyylku4hWBYZOYTGKxvQbhKJVuj96P5vg2NdB61XvD5Q5BrlZCJfPR1jxYdM2QjQ	2024-02-16 23:03:40.067861+02	2024-02-21 23:03:40+02	1	ee7078868df247f199a259a93003a6b2
18	eyJhbGciOiJSUzI1NiIsInR5cCI6IkpXVCJ9.eyJ0b2tlbl90eXBlIjoicmVmcmVzaCIsImV4cCI6MTcwODU0OTgyOCwiaWF0IjoxNzA4MTE3ODI4LCJqdGkiOiJjODExNGZhMzE2N2Q0OTdiYTZlZTc4Y2EwZWZjMjQzZiIsInVzZXJfaWQiOjF9.abgrDrXLJx7-aYeWElXDVtt1-1Cre121NI8XoJt5tykbqNaSBXEAo_RmE8w5TT7gOuG5JdtspCzWuDB9tGBJbA	2024-02-16 23:10:28.824194+02	2024-02-21 23:10:28+02	1	c8114fa3167d497ba6ee78ca0efc243f
19	eyJhbGciOiJSUzI1NiIsInR5cCI6IkpXVCJ9.eyJ0b2tlbl90eXBlIjoicmVmcmVzaCIsImV4cCI6MTcwODU0OTk4NCwiaWF0IjoxNzA4MTE3OTg0LCJqdGkiOiIxNTBjMzQzNjk2YWY0ZWZlYmVhZGQyNjFhN2ZkZGFmYiIsInVzZXJfaWQiOjF9.eRLt-pwz-UXtn97XQrbhYoRIIe5nr6Wxd67ImD36--uFE6hOwOIPbR483Qb1EOXHu9ducVeL5wWa6Dki9Oi4Gw	2024-02-16 23:13:04.561468+02	2024-02-21 23:13:04+02	1	150c343696af4efebeadd261a7fddafb
20	eyJhbGciOiJSUzI1NiIsInR5cCI6IkpXVCJ9.eyJ0b2tlbl90eXBlIjoicmVmcmVzaCIsImV4cCI6MTcwODU1MDAwMiwiaWF0IjoxNzA4MTE4MDAyLCJqdGkiOiIxZmNlZmMxMTE0MjE0MTg0OWJiNzVkNTQ1MGY5NWM5YyIsInVzZXJfaWQiOjF9.AazkAitxi12Mvf11S2Y6Z8szKdFJ-Udj3BIxI__3fvmTVHFujIJcYAd9u97mJiAQ0GRy7OFRzuryqS_0GRdMfw	2024-02-16 23:13:22.028027+02	2024-02-21 23:13:22+02	1	1fcefc11142141849bb75d5450f95c9c
21	eyJhbGciOiJSUzI1NiIsInR5cCI6IkpXVCJ9.eyJ0b2tlbl90eXBlIjoicmVmcmVzaCIsImV4cCI6MTcwODU1MTczMCwiaWF0IjoxNzA4MTE5NzMwLCJqdGkiOiJlODIyMGExNjU0MWE0MzU4OGQzZDRmZTkyOTNkZTgyNCIsInVzZXJfaWQiOjF9.PQTKF6XPI4iMoJ2nwemsF7jc7Dz1swNmrIip8CJbzdCKDaytC_a7QvSzRHGBPRmDt5uAu0FLYDK0mrOHVDaq-w	2024-02-16 23:42:10.128568+02	2024-02-21 23:42:10+02	1	e8220a16541a43588d3d4fe9293de824
22	eyJhbGciOiJSUzI1NiIsInR5cCI6IkpXVCJ9.eyJ0b2tlbl90eXBlIjoicmVmcmVzaCIsImV4cCI6MTcwODU0NDM2NiwiaWF0IjoxNzA4MTEyMzY2LCJqdGkiOiI0Mjg0Y2ZmYjc1Njg0NDc0ODAxYzI1OGFlNmMzODkxYyIsInVzZXJfaWQiOjEsImZpcnN0X25hbWUiOiJQZXNobyJ9.NA7eLnN6k5YdZjJ6EO_tvnhTAwOg_LnBZEmJG7sue8Gc_gwyjiyFftrRrH6JqIQkH1zWW4Ibmu6vPCXHrvdIkw	\N	2024-02-21 21:39:26+02	\N	4284cffb75684474801c258ae6c3891c
23	eyJhbGciOiJSUzI1NiIsInR5cCI6IkpXVCJ9.eyJ0b2tlbl90eXBlIjoicmVmcmVzaCIsImV4cCI6MTcwODU1MjkwNiwiaWF0IjoxNzA4MTIwOTA2LCJqdGkiOiJhMDE3ZWE1ZWVhYjA0MjllYWRlNmJhNjc4YTk2MjhhNyIsInVzZXJfaWQiOjF9.hwYAYrsOMTnEVtLUxkUdwLphgB0usJ1loZ-danZP8RCyq51HxSVaBEp0oaV3Os_TVBr2x2Wp491vtT8w39SPVg	2024-02-17 00:01:46.59567+02	2024-02-22 00:01:46+02	1	a017ea5eeab0429eade6ba678a9628a7
24	eyJhbGciOiJSUzI1NiIsInR5cCI6IkpXVCJ9.eyJ0b2tlbl90eXBlIjoicmVmcmVzaCIsImV4cCI6MTcwODU1Mzk1NCwiaWF0IjoxNzA4MTIxOTU0LCJqdGkiOiI3NjU4NTYyODFlMzU0YTNmODRmYWE4ZmI0NjcxMWEwZSIsInVzZXJfaWQiOjF9.PEDDEqYOxo_U-aDe82ynKiJLoUCKIH9UIzKG3K-pxOgnuLRqdekl13F0zfCLWc4IOSr05ZxyCaRgjkJMlyAf2A	2024-02-17 00:19:14.700357+02	2024-02-22 00:19:14+02	1	765856281e354a3f84faa8fb46711a0e
25	eyJhbGciOiJSUzI1NiIsInR5cCI6IkpXVCJ9.eyJ0b2tlbl90eXBlIjoicmVmcmVzaCIsImV4cCI6MTcwODU1NDA1MywiaWF0IjoxNzA4MTIyMDUzLCJqdGkiOiIyMTkyNzM2OTU4ZmQ0ZmJiODlmNGE2MDcyODU0YjRiZCIsInVzZXJfaWQiOjF9.CeeVwUGyCc-mNEtREyJ1AmQ9BkXrnfP1CJjyUXBzulR5k_sJuQifmxS9iIR26EKjxbGs1XIpvXIkBQ9wE53TDw	2024-02-17 00:20:53.944643+02	2024-02-22 00:20:53+02	1	2192736958fd4fbb89f4a6072854b4bd
26	eyJhbGciOiJSUzI1NiIsInR5cCI6IkpXVCJ9.eyJ0b2tlbl90eXBlIjoicmVmcmVzaCIsImV4cCI6MTcwODU1NjM5NywiaWF0IjoxNzA4MTI0Mzk3LCJqdGkiOiIyNWFmYjJkZGRlMWQ0MjI2OTFiNzNjYjBkNzk0ODMyYSIsInVzZXJfaWQiOjF9.Zy_yg0RK0FrlZ51t7cm7l-WN4iX9zJvbafZyQjmXDab65-YDvGOGx5x4AbLMo62C4X_2VbH6LOTuK3BuY19mRA	2024-02-17 00:59:57.534107+02	2024-02-22 00:59:57+02	1	25afb2ddde1d422691b73cb0d794832a
27	eyJhbGciOiJSUzI1NiIsInR5cCI6IkpXVCJ9.eyJ0b2tlbl90eXBlIjoicmVmcmVzaCIsImV4cCI6MTcwODU1NzA5MywiaWF0IjoxNzA4MTI1MDkzLCJqdGkiOiJiZGNhMmU5ZjA2MTA0NGM0OTEwZTBlZWNhZmNhNGUwOSIsInVzZXJfaWQiOjF9.YDpTUP7OfAvzkKGptuOi1heArYSFBjYD1MagLyBRD-VMHoMOS8mdwrTLFxp4Cz6C9A6YRm-ltMpMp5vNJF5Isg	2024-02-17 01:11:33.426092+02	2024-02-22 01:11:33+02	1	bdca2e9f061044c4910e0eecafca4e09
28	eyJhbGciOiJSUzI1NiIsInR5cCI6IkpXVCJ9.eyJ0b2tlbl90eXBlIjoicmVmcmVzaCIsImV4cCI6MTcwODU5OTAwNiwiaWF0IjoxNzA4MTY3MDA2LCJqdGkiOiI5NDliOGVhZjQwYTY0NjE4YjBiMmEyZTQxOGUzNzhmZSIsInVzZXJfaWQiOjR9.TEb6dkkrQJIvrF8rQdfJi1HqopUkqT5Di9hWSy6VNOcI1LoBV0tPs9JbbcfC4HYqB-KUk0fjLOz6OvwqtMGMGQ	2024-02-17 12:50:06.354914+02	2024-02-22 12:50:06+02	4	949b8eaf40a64618b0b2a2e418e378fe
29	eyJhbGciOiJSUzI1NiIsInR5cCI6IkpXVCJ9.eyJ0b2tlbl90eXBlIjoicmVmcmVzaCIsImV4cCI6MTcwODYwMDczMywiaWF0IjoxNzA4MTY4NzMzLCJqdGkiOiI4MzEyMjg0MTI1MmQ0MzEwODVjOTI1NTkxNThkODk0MCIsInVzZXJfaWQiOjF9.e0bmP08ss6ciQWku4fg7SdWoyU_ldQbCT1WzVpwIMkgNpxfKG-KEnox95kh3FV2tOWS2EPm1-rjzPcqH_GSDcg	2024-02-17 13:18:53.056519+02	2024-02-22 13:18:53+02	1	83122841252d431085c92559158d8940
30	eyJhbGciOiJSUzI1NiIsInR5cCI6IkpXVCJ9.eyJ0b2tlbl90eXBlIjoicmVmcmVzaCIsImV4cCI6MTcwODYwMTg5OCwiaWF0IjoxNzA4MTY5ODk4LCJqdGkiOiIyYzlmNzI0NDQzMjA0MWQ0YWFjNjhhNDYxOTg2NWY0ZSIsInVzZXJfaWQiOjF9.TIDgk6jsl4F7i7cPzT9KCd-obimRajnF11NEyjlDucgi-p3f3XhUwGUWk6SRULSaKWfV4X3cVTt22btlEdZQ0Q	2024-02-17 13:38:18.351809+02	2024-02-22 13:38:18+02	1	2c9f7244432041d4aac68a4619865f4e
31	eyJhbGciOiJSUzI1NiIsInR5cCI6IkpXVCJ9.eyJ0b2tlbl90eXBlIjoicmVmcmVzaCIsImV4cCI6MTcwODYwMjg3MywiaWF0IjoxNzA4MTcwODczLCJqdGkiOiIyNjc1OGRmYTRjYzA0ZmZkOWU2Njc3MTM2MjhiNzQxNyIsInVzZXJfaWQiOjJ9.jvkkhRXj7a45YlvEngR7_tH-xg1ObYsdFBiwKGsAfuQ2fclFIavebqTJmbWEei2df0Tp8A4Uz4GFjvw7fWGLKg	2024-02-17 13:54:33.764017+02	2024-02-22 13:54:33+02	2	26758dfa4cc04ffd9e667713628b7417
32	eyJhbGciOiJSUzI1NiIsInR5cCI6IkpXVCJ9.eyJ0b2tlbl90eXBlIjoicmVmcmVzaCIsImV4cCI6MTcwODYwOTYwMywiaWF0IjoxNzA4MTc3NjAzLCJqdGkiOiJjNzBmNjA0OWQwMzc0MWE0OTUzNGQxMjZjMzg1YjE4YSIsInVzZXJfaWQiOjF9.RLOzfOXRRtekrA9ymn__xPorSnW7hTx-nMrorTeP17pH4_80AtzyyiB2C4XSoO6qdsYmCz3sO7GbOVS2JeUvnQ	2024-02-17 15:46:43.764356+02	2024-02-22 15:46:43+02	1	c70f6049d03741a49534d126c385b18a
33	eyJhbGciOiJSUzI1NiIsInR5cCI6IkpXVCJ9.eyJ0b2tlbl90eXBlIjoicmVmcmVzaCIsImV4cCI6MTcwODYxMTAyNCwiaWF0IjoxNzA4MTc5MDI0LCJqdGkiOiJmY2M5ZmY3NTVkNTY0Y2JkOTc3NTNjZTQ1OTI4ZjY3OCIsInVzZXJfaWQiOjF9.QJ_SNXLr_H00LQruCWArAC5m_CQ72g32dA9jeiQ0D91tPQBTJrs4NqoIdW2Yus8iYMeGr4e4MiUBRRQ03MYSgQ	2024-02-17 16:10:24.679519+02	2024-02-22 16:10:24+02	1	fcc9ff755d564cbd97753ce45928f678
34	eyJhbGciOiJSUzI1NiIsInR5cCI6IkpXVCJ9.eyJ0b2tlbl90eXBlIjoicmVmcmVzaCIsImV4cCI6MTcwODYxMTAyNywiaWF0IjoxNzA4MTc5MDI3LCJqdGkiOiI3NDlhZmZkNjFmOGM0ZjA1OWNhZDU1ZTllODNlZDExZSIsInVzZXJfaWQiOjF9.SrZmqTlLVrCtdtZ8XmmvezjGuq7Y3NHKidsR3c_KnkwKmrijRwNbR2A5FBYNupIS4pR7OmfdOdbqezyFVn9zPA	2024-02-17 16:10:27.287918+02	2024-02-22 16:10:27+02	1	749affd61f8c4f059cad55e9e83ed11e
35	eyJhbGciOiJSUzI1NiIsInR5cCI6IkpXVCJ9.eyJ0b2tlbl90eXBlIjoicmVmcmVzaCIsImV4cCI6MTcwODYxMTM0MCwiaWF0IjoxNzA4MTc5MzQwLCJqdGkiOiI4ZDJjNTVlOTMxNTk0MDczYmQ2MzQ2ZjUxOTFhOWZlNiIsInVzZXJfaWQiOjF9.DNJZ-2UKpiJBdVMkP5adOJHJ6fjHNmpFfsrcMluSrgtexhefwovQSdfo91KbdhM8ijyyZKOY8h6fm5AvSy-izg	2024-02-17 16:15:40.977814+02	2024-02-22 16:15:40+02	1	8d2c55e931594073bd6346f5191a9fe6
36	eyJhbGciOiJSUzI1NiIsInR5cCI6IkpXVCJ9.eyJ0b2tlbl90eXBlIjoicmVmcmVzaCIsImV4cCI6MTcwODYxMzA1MiwiaWF0IjoxNzA4MTgxMDUyLCJqdGkiOiJiOTVhZDYxNDcwYzE0N2VmODAwNTMyMDkzOWViYTAxNiIsInVzZXJfaWQiOjF9.SP_VfsuwIhI0UlXAUujOCYw6RWhxQZhxT4xrXs6Qo_WsJW1Lp6Jofes64ZOkaQvm1DlEeoeF6WC99CKcdBpH6A	2024-02-17 16:44:12.197458+02	2024-02-22 16:44:12+02	1	b95ad61470c147ef8005320939eba016
37	eyJhbGciOiJSUzI1NiIsInR5cCI6IkpXVCJ9.eyJ0b2tlbl90eXBlIjoicmVmcmVzaCIsImV4cCI6MTcwODYxMzMxMCwiaWF0IjoxNzA4MTgxMzEwLCJqdGkiOiIyNTZjMGZjNGI3ZTM0ZTE4YjUwN2Q3NzZmNjBlNzExNCIsInVzZXJfaWQiOjF9.HNOOnK0FFAnBkFNhmgqvVBNoFPqSFXrMbwqlooGkc6YdE4fIzHiErYJCJcGkYEFeuPZF-cKxSFRHEMQdIB1LiQ	2024-02-17 16:48:30.63945+02	2024-02-22 16:48:30+02	1	256c0fc4b7e34e18b507d776f60e7114
38	eyJhbGciOiJSUzI1NiIsInR5cCI6IkpXVCJ9.eyJ0b2tlbl90eXBlIjoicmVmcmVzaCIsImV4cCI6MTcwODYxNDgwMiwiaWF0IjoxNzA4MTgyODAyLCJqdGkiOiI1NGIxMjRmMmJiYTE0MzFiODAxYjg2Mzg2NTUwZDhlZSIsInVzZXJfaWQiOjEsImZpcnN0X25hbWUiOiJQZXNobyJ9.gfj5kuWFV2fpzXXQkAefbjnnGRV7unl3OR0uLy6oEaX3dc3-lyOhI2W90cJagcth330Cqlix1CjBhvsDcqeI0g	\N	2024-02-22 17:13:22+02	\N	54b124f2bba1431b801b86386550d8ee
39	eyJhbGciOiJSUzI1NiIsInR5cCI6IkpXVCJ9.eyJ0b2tlbl90eXBlIjoicmVmcmVzaCIsImV4cCI6MTcwODYxNjE0MSwiaWF0IjoxNzA4MTg0MTQxLCJqdGkiOiJmN2IzZTRlMGI2ZTM0NGNkODIyMzRhYTUwNjVjNWQzMyIsInVzZXJfaWQiOjF9.kbGKMnE2K0xyI5Vzn12c0GX90HQ4lXlCzEvvDOrffaEP-G6UzXE2nO_H6YXDcLs_w0lezNmpXevXAsfL-YqxGQ	2024-02-17 17:35:41.440565+02	2024-02-22 17:35:41+02	1	f7b3e4e0b6e344cd82234aa5065c5d33
40	eyJhbGciOiJSUzI1NiIsInR5cCI6IkpXVCJ9.eyJ0b2tlbl90eXBlIjoicmVmcmVzaCIsImV4cCI6MTcwODYxODQwMSwiaWF0IjoxNzA4MTg2NDAxLCJqdGkiOiI1ODZhZmIwZjE1NDM0M2ZiYmE5NTQyZDFiMWQ3OTgxZCIsInVzZXJfaWQiOjF9.hrePcv64Tmkq9XLjr_VBBmk-865LoOnFmVa1LKFaMWiyH3Q1Wc1e4Ayqq-DhISVZ1whI0Rl3dpxLUQPMk7JsfA	2024-02-17 18:13:21.326164+02	2024-02-22 18:13:21+02	1	586afb0f154343fbba9542d1b1d7981d
41	eyJhbGciOiJSUzI1NiIsInR5cCI6IkpXVCJ9.eyJ0b2tlbl90eXBlIjoicmVmcmVzaCIsImV4cCI6MTcwODYxODcwNSwiaWF0IjoxNzA4MTg2NzA1LCJqdGkiOiJjZTZlMzNmMmZkYWU0MWEzYmU0NGZjYWUyNmJkNjEwMiIsInVzZXJfaWQiOjF9.b--Zhu7IaudACRD-9gBGo3imomqDfKXWq2nf5EJPW_Ll-8PqsydHoCFrrmyIP8uxH3K6VD0lQOTo6bPlPqumNw	2024-02-17 18:18:25.321778+02	2024-02-22 18:18:25+02	1	ce6e33f2fdae41a3be44fcae26bd6102
42	eyJhbGciOiJSUzI1NiIsInR5cCI6IkpXVCJ9.eyJ0b2tlbl90eXBlIjoicmVmcmVzaCIsImV4cCI6MTcwODYxODc4NSwiaWF0IjoxNzA4MTg2Nzg1LCJqdGkiOiI4OTIwYzQ2MmIwMTE0YzgzODgwZmQ0ZTc4ZWI4YjNiYyIsInVzZXJfaWQiOjF9.aJn_Pnh-IeYrhiXApqV5fKbQFeqc9mI4Ymu-CKBnr7QDYjvkCMNUGBT4SgsRlKyvrjtoScAHWnhizJqSqrecKA	2024-02-17 18:19:45.9591+02	2024-02-22 18:19:45+02	1	8920c462b0114c83880fd4e78eb8b3bc
43	eyJhbGciOiJSUzI1NiIsInR5cCI6IkpXVCJ9.eyJ0b2tlbl90eXBlIjoicmVmcmVzaCIsImV4cCI6MTcwODYxODkyOSwiaWF0IjoxNzA4MTg2OTI5LCJqdGkiOiI1MTIyODlkMzU3NDU0MDUzYTdlYTkwZGY5OGM4OWQ3NCIsInVzZXJfaWQiOjF9.MEcPGM4p4bBRrnAItTmRgiba8BDmT8RsnUwfyHFgddwzvqWTx1IOqz2Wt68YNeipPawDnGc2wwi4xo8ECH5rnA	2024-02-17 18:22:09.174721+02	2024-02-22 18:22:09+02	1	512289d357454053a7ea90df98c89d74
44	eyJhbGciOiJSUzI1NiIsInR5cCI6IkpXVCJ9.eyJ0b2tlbl90eXBlIjoicmVmcmVzaCIsImV4cCI6MTcwODYxOTExMCwiaWF0IjoxNzA4MTg3MTEwLCJqdGkiOiIzYWM2NmM1NTM1MjI0ZDM5YTgxNDE2MDNhOWEyMzM1MSIsInVzZXJfaWQiOjF9.N3hbCEn9cFf9FpU38xrrQi3AG68od378EotgQ3LxG3LvgwZ9FKvvHa9DQSNgJO6hJF2tTDPXPSrei_JN28Wovw	2024-02-17 18:25:10.793589+02	2024-02-22 18:25:10+02	1	3ac66c5535224d39a8141603a9a23351
45	eyJhbGciOiJSUzI1NiIsInR5cCI6IkpXVCJ9.eyJ0b2tlbl90eXBlIjoicmVmcmVzaCIsImV4cCI6MTcwODYxOTU5MiwiaWF0IjoxNzA4MTg3NTkyLCJqdGkiOiJhN2IyMmFkMmY3Zjc0ZjFhYWFiZWQxMzM5NjJjZTRhOCIsInVzZXJfaWQiOjF9.BPn-nZfs0WYVsi0LzWTJKpsfjMh4TwBhtkT45qnfI5SUTXNqJNDagC7YVOvwNzblMOvg3KvBMpOzhVCZ1d4kWg	2024-02-17 18:33:12.385825+02	2024-02-22 18:33:12+02	1	a7b22ad2f7f74f1aaabed133962ce4a8
46	eyJhbGciOiJSUzI1NiIsInR5cCI6IkpXVCJ9.eyJ0b2tlbl90eXBlIjoicmVmcmVzaCIsImV4cCI6MTcwODYyMDk4MCwiaWF0IjoxNzA4MTg4OTgwLCJqdGkiOiI1YTZkYmE1ODQxZjU0ZTMwYjI4YjU2MWQwNzk2MzNmOCIsInVzZXJfaWQiOjF9.GXFEB1DS2c0T2gLwPB2qxHcrvqJKIGePTKh6GLvxd3bq18x_TXlxq3coPC7kcscS5_K8Y4qMPP4o_k8nnqbE9A	2024-02-17 18:56:20.312739+02	2024-02-22 18:56:20+02	1	5a6dba5841f54e30b28b561d079633f8
47	eyJhbGciOiJSUzI1NiIsInR5cCI6IkpXVCJ9.eyJ0b2tlbl90eXBlIjoicmVmcmVzaCIsImV4cCI6MTcwODYyMDk4OSwiaWF0IjoxNzA4MTg4OTg5LCJqdGkiOiJkN2VkYTk4NWY2MTY0NGY1YjkwOGJiMDFkZjFhNDk1NCIsInVzZXJfaWQiOjEsImZpcnN0X25hbWUiOiJQZXNobyJ9.AdgSeCzBwPrXXZ0qAg4FCtXaj1Q7kzeNPbCvLMquw0t9v3ETKeP99Ly5J0sYi1SQ9xJEMVHPVha9xY67Dd1BFw	\N	2024-02-22 18:56:29+02	\N	d7eda985f61644f5b908bb01df1a4954
48	eyJhbGciOiJSUzI1NiIsInR5cCI6IkpXVCJ9.eyJ0b2tlbl90eXBlIjoicmVmcmVzaCIsImV4cCI6MTcwODYyMTA1MSwiaWF0IjoxNzA4MTg5MDUxLCJqdGkiOiI5ZDcxZmViODhiNWY0NGIxOGU2N2UyMzM1NzU2YjYxNyIsInVzZXJfaWQiOjEsImZpcnN0X25hbWUiOiJQZXNobyJ9.Q0IC13tL1xrWP1lSB9DR5T2d6gi1JbRW_3dtTq1rs5PGuk0MRFQ-8EY2ligPyJQAsVm15IZInBQ3irL-VcpbDA	\N	2024-02-22 18:57:31+02	\N	9d71feb88b5f44b18e67e2335756b617
49	eyJhbGciOiJSUzI1NiIsInR5cCI6IkpXVCJ9.eyJ0b2tlbl90eXBlIjoicmVmcmVzaCIsImV4cCI6MTcwODYyMTE2MCwiaWF0IjoxNzA4MTg5MTYwLCJqdGkiOiJlNmNmYWFkNWZjNDI0ZGVmOThlNGM5OWI1ODFjZWY5NyIsInVzZXJfaWQiOjEsImZpcnN0X25hbWUiOiJQZXNobyJ9.Ot3WrGa7aIX1kjgoV7DoxBTUhmoFZHMBCbLb3F9dYyAG-QIglRzboxFZFeCTMuUlhvXNtBqte261YUxv9Od21Q	\N	2024-02-22 18:59:20+02	\N	e6cfaad5fc424def98e4c99b581cef97
50	eyJhbGciOiJSUzI1NiIsInR5cCI6IkpXVCJ9.eyJ0b2tlbl90eXBlIjoicmVmcmVzaCIsImV4cCI6MTcwODYyMjU0MiwiaWF0IjoxNzA4MTkwNTQyLCJqdGkiOiI3YWRiYTljMDU4Yjc0MTY4OWY1NWQ3ZWE1NDVhMTdiNSIsInVzZXJfaWQiOjEsImZpcnN0X25hbWUiOiJQZXNobyJ9.AcjAAX5FRFMK9_s315YUREBLkhwzhznB4I6tqQ_ZWcz2g0uhOBMshxJZdau8vY6rQ18CRyqZ386gL7y-mJzNIw	\N	2024-02-22 19:22:22+02	\N	7adba9c058b741689f55d7ea545a17b5
51	eyJhbGciOiJSUzI1NiIsInR5cCI6IkpXVCJ9.eyJ0b2tlbl90eXBlIjoicmVmcmVzaCIsImV4cCI6MTcwODYyMzI2NCwiaWF0IjoxNzA4MTkxMjY0LCJqdGkiOiI0YTQ5ODFmMTVkMWQ0MWIzODJjM2Y5NzllZTgyMGNmMiIsInVzZXJfaWQiOjF9.nQAaFGFNusI7ii68enxuB6aFmFhZ-tIB3tMMAOZeyLgtwFVLbyEHaqOGpLoavIcJUkanZMOEY9_UdXroWDIL1A	2024-02-17 19:34:24.641728+02	2024-02-22 19:34:24+02	1	4a4981f15d1d41b382c3f979ee820cf2
52	eyJhbGciOiJSUzI1NiIsInR5cCI6IkpXVCJ9.eyJ0b2tlbl90eXBlIjoicmVmcmVzaCIsImV4cCI6MTcwODYyMzMwMywiaWF0IjoxNzA4MTkxMzAzLCJqdGkiOiJmNzIyNGJjMjcxZjc0ZTQyYjg3OWEwZTcwY2Y4MmNhNiIsInVzZXJfaWQiOjEsImZpcnN0X25hbWUiOiJQZXNobyJ9.IBbLQL-ho81yHOeG90Jucvw3pTIJ1pHQmDWOnaIHU_kvFKWR-eU2prJDQM6OKz1K2vfi0uOEq5u5R-m9JeiuLQ	\N	2024-02-22 19:35:03+02	\N	f7224bc271f74e42b879a0e70cf82ca6
53	eyJhbGciOiJSUzI1NiIsInR5cCI6IkpXVCJ9.eyJ0b2tlbl90eXBlIjoicmVmcmVzaCIsImV4cCI6MTcwODYyMzQwNiwiaWF0IjoxNzA4MTkxNDA2LCJqdGkiOiIyYzEwYzYyNDZiNjg0MDNlYTFkOWFiZDM0YmI2NWNlMCIsInVzZXJfaWQiOjEsImZpcnN0X25hbWUiOiJQZXNobyJ9.fXtvA3ZDoE9PKzBVFfdVzyi_wAm7A87Wj5UsN37P6oUeseLUzr0o0b8d5q6YVTR38Sd805GQy-FCH7S3dBsiqA	\N	2024-02-22 19:36:46+02	\N	2c10c6246b68403ea1d9abd34bb65ce0
54	eyJhbGciOiJSUzI1NiIsInR5cCI6IkpXVCJ9.eyJ0b2tlbl90eXBlIjoicmVmcmVzaCIsImV4cCI6MTcwODYyMzkwMCwiaWF0IjoxNzA4MTkxOTAwLCJqdGkiOiIyYjY0NzMyYWZkNmY0MDQwYTg4N2I3NDc3ODI5YTBjZiIsInVzZXJfaWQiOjEsImZpcnN0X25hbWUiOiJQZXNobyJ9.csR8RnUCYNW-2o4vI565uIZc3ikpXWfcst0HRIHwVxN8m8uZaSZgOj9fblPdTvThutO0KqbQkKd1TOqKW2MiAw	\N	2024-02-22 19:45:00+02	\N	2b64732afd6f4040a887b7477829a0cf
55	eyJhbGciOiJSUzI1NiIsInR5cCI6IkpXVCJ9.eyJ0b2tlbl90eXBlIjoicmVmcmVzaCIsImV4cCI6MTcwODYyMzk3MywiaWF0IjoxNzA4MTkxOTczLCJqdGkiOiIxNjIyMjdlZTY2YWY0MzQ4YTc4ODlmMzg0NDJlYWU1OCIsInVzZXJfaWQiOjEsImZpcnN0X25hbWUiOiJQZXNobyJ9.crAfdFyK8jnxlr7krlCWGR2xkjHffD34jCtFbRSSP-m7_Zyp-pGouci-ewa4ml4hHQlKcFxORA5tCJQrXpgPSg	\N	2024-02-22 19:46:13+02	\N	162227ee66af4348a7889f38442eae58
56	eyJhbGciOiJSUzI1NiIsInR5cCI6IkpXVCJ9.eyJ0b2tlbl90eXBlIjoicmVmcmVzaCIsImV4cCI6MTcwODYyNDQzMiwiaWF0IjoxNzA4MTkyNDMyLCJqdGkiOiJkNzllMzA0MzViZjA0N2NlYTRiNTI2YWY1YzY5YzI4NCIsInVzZXJfaWQiOjEsImZpcnN0X25hbWUiOiJQZXNobyJ9.RJBKvViE3yoKePRl402Dg8elZtI1oqxpSACZNIS8pmpRQpw9v4uR7xyPUmERQeBKbEa2VO3yS6VO651Y1SRVDQ	\N	2024-02-22 19:53:52+02	\N	d79e30435bf047cea4b526af5c69c284
57	eyJhbGciOiJSUzI1NiIsInR5cCI6IkpXVCJ9.eyJ0b2tlbl90eXBlIjoicmVmcmVzaCIsImV4cCI6MTcwODYyNDg4NCwiaWF0IjoxNzA4MTkyODg0LCJqdGkiOiIxYmYxZDEzMWQ5NTQ0YTFlOWZkNjY1NTBlNTY3ZGYwZCIsInVzZXJfaWQiOjEsImZpcnN0X25hbWUiOiJQZXNobyJ9.ZBsvfqZyPvdQC576zuGS7sMH3SNhCYkI-dNJE-7c6SrA43_wOXk2qR_8sR2jz18sJ23zNpswnt1my5c4rQ9_PA	\N	2024-02-22 20:01:24+02	\N	1bf1d131d9544a1e9fd66550e567df0d
58	eyJhbGciOiJSUzI1NiIsInR5cCI6IkpXVCJ9.eyJ0b2tlbl90eXBlIjoicmVmcmVzaCIsImV4cCI6MTcwODYyNTE4OCwiaWF0IjoxNzA4MTkzMTg4LCJqdGkiOiI1MTY5Yjc2Yzk1MWE0MzVkOWNkYWM2ZTM0YmJhYmRmMiIsInVzZXJfaWQiOjEsImZpcnN0X25hbWUiOiJQZXNobyJ9.Yc_3MqV4nUK3u7355uTuTWinQvcULyLNRA1pNJHJMhpJ0dHIs4W7Q6wbI5AZ4HlTjOGgBiyu_rnB2n3DYmZOWw	\N	2024-02-22 20:06:28+02	\N	5169b76c951a435d9cdac6e34bbabdf2
59	eyJhbGciOiJSUzI1NiIsInR5cCI6IkpXVCJ9.eyJ0b2tlbl90eXBlIjoicmVmcmVzaCIsImV4cCI6MTcwODYyNTcyOSwiaWF0IjoxNzA4MTkzNzI5LCJqdGkiOiJjNWUyMDBkMzNjNDk0YjEwOGZhNDRlZmYzMGU2OGI4NiIsInVzZXJfaWQiOjEsImZpcnN0X25hbWUiOiJQZXNobyJ9.MJw6r0M0dSm_mg8aIzadCnaidxTEKqx8V07ACXn-pd1sQREGkgqYP_jW905xb8hzFAmtHM2t22E-sTnPKAK5fQ	\N	2024-02-22 20:15:29+02	\N	c5e200d33c494b108fa44eff30e68b86
60	eyJhbGciOiJSUzI1NiIsInR5cCI6IkpXVCJ9.eyJ0b2tlbl90eXBlIjoicmVmcmVzaCIsImV4cCI6MTcwODYyNjA5OSwiaWF0IjoxNzA4MTk0MDk5LCJqdGkiOiIwYjg1ZDQyZDBjOWY0ZGQyYjY0Zjg2YTliYjY2OWEzOSIsInVzZXJfaWQiOjEsImZpcnN0X25hbWUiOiJQZXNobyJ9.XHYO6Cg7qBqEk1vjaPSMMEGxBu5PNneuLGICD-4imFfhaHiVExJuHjItiQPzGA3N-1OXESmedsKB6d3kqBGRPA	\N	2024-02-22 20:21:39+02	\N	0b85d42d0c9f4dd2b64f86a9bb669a39
61	eyJhbGciOiJSUzI1NiIsInR5cCI6IkpXVCJ9.eyJ0b2tlbl90eXBlIjoicmVmcmVzaCIsImV4cCI6MTcwODYzMjQxOCwiaWF0IjoxNzA4MjAwNDE4LCJqdGkiOiJlYzc5MDM5YzI5NTk0NDdjODU4OTY1ZjI5NmNhMTdiMiIsInVzZXJfaWQiOjF9.jAfCUTxUlsEQmn4dkWge5J4G9j-qAtryIp2V4dnbfcWW4lN37Qyy_3se6MMnLPswVEMwRRO3hppCceUfs-D7pw	2024-02-17 22:06:58.567227+02	2024-02-22 22:06:58+02	1	ec79039c2959447c858965f296ca17b2
62	eyJhbGciOiJSUzI1NiIsInR5cCI6IkpXVCJ9.eyJ0b2tlbl90eXBlIjoicmVmcmVzaCIsImV4cCI6MTcwODYzMjk2MywiaWF0IjoxNzA4MjAwOTYzLCJqdGkiOiJjNjhmMzY2MGI5ZjE0YjQwOGE1MDdhMzdkMWY0MDRjOCIsInVzZXJfaWQiOjEsImZpcnN0X25hbWUiOiJQZXNobyJ9.FYKFBg-8Qt2vhAGR8gG-nLlSZlsf3dsNUvhnrfivT2N26Orla-bjPpPGNZF4Y_GaM9rB7EY0afUpipIl8jCACw	\N	2024-02-22 22:16:03+02	\N	c68f3660b9f14b408a507a37d1f404c8
63	eyJhbGciOiJSUzI1NiIsInR5cCI6IkpXVCJ9.eyJ0b2tlbl90eXBlIjoicmVmcmVzaCIsImV4cCI6MTcwODYzMzU1OCwiaWF0IjoxNzA4MjAxNTU4LCJqdGkiOiIwMjhjN2FmMTAyN2E0MGE4YjBjNjdlMGYzMjhjMGI3MCIsInVzZXJfaWQiOjEsImZpcnN0X25hbWUiOiJQZXNobyJ9.dPb6Oi_h7R8LIBeveaiKJgI4t4JkPSJBI5zqjSfkPntTZyOkOzxsmcqtf2NUwqD-s5LEKeFMXMyz4SBe04P2SQ	\N	2024-02-22 22:25:58+02	\N	028c7af1027a40a8b0c67e0f328c0b70
64	eyJhbGciOiJSUzI1NiIsInR5cCI6IkpXVCJ9.eyJ0b2tlbl90eXBlIjoicmVmcmVzaCIsImV4cCI6MTcwODYzNDA5OSwiaWF0IjoxNzA4MjAyMDk5LCJqdGkiOiJmZjdjYmQxZDNhMTg0ZmNhYjg2MDBiMDVkMTE5NmU2OSIsInVzZXJfaWQiOjEsImZpcnN0X25hbWUiOiJQZXNobyJ9.fLvVOQgVIqwQQp01u_kVE6dUe2V0r5cit2FFRgGWtaKbNo5_C_ncMrHpdPMX_wUd39erJSO8F6M9zMmK89PRIw	\N	2024-02-22 22:34:59+02	\N	ff7cbd1d3a184fcab8600b05d1196e69
65	eyJhbGciOiJSUzI1NiIsInR5cCI6IkpXVCJ9.eyJ0b2tlbl90eXBlIjoicmVmcmVzaCIsImV4cCI6MTcwODYzNDQxMiwiaWF0IjoxNzA4MjAyNDEyLCJqdGkiOiJhNWQwNmNhZTQzOWY0MTkwYjNhNDk0YzRmMzcxNjVjZCIsInVzZXJfaWQiOjEsImZpcnN0X25hbWUiOiJQZXNobyJ9.PfEUA3yZkOgx4CTVC5lh_JrC8KJyUXfhtWgNjaJrY7jGyJPsL1Oi6J1Oyv4m9x-qO57msFXgz5qV92hCqQwNaA	\N	2024-02-22 22:40:12+02	\N	a5d06cae439f4190b3a494c4f37165cd
66	eyJhbGciOiJSUzI1NiIsInR5cCI6IkpXVCJ9.eyJ0b2tlbl90eXBlIjoicmVmcmVzaCIsImV4cCI6MTcwODYzNDczOSwiaWF0IjoxNzA4MjAyNzM5LCJqdGkiOiIzYmY3MzA5MDhhNmY0NmRmYjZjZDFjNjQ4NDA4NGEwYyIsInVzZXJfaWQiOjEsImZpcnN0X25hbWUiOiJQZXNobyJ9.hP4maju89Jiu1S6LsGby9cTohhs1rkZZsDc7l6tZRa82poxnCnaO77cIdB4JKGnYIw9VTPQIP3Wlqa4z895lxw	\N	2024-02-22 22:45:39+02	\N	3bf730908a6f46dfb6cd1c6484084a0c
67	eyJhbGciOiJSUzI1NiIsInR5cCI6IkpXVCJ9.eyJ0b2tlbl90eXBlIjoicmVmcmVzaCIsImV4cCI6MTcwODYzNTA1NSwiaWF0IjoxNzA4MjAzMDU1LCJqdGkiOiIzZGZmZDI5YWY5ZjI0MmU3YmVhNWU1OWJhMTMxYmY0YSIsInVzZXJfaWQiOjEsImZpcnN0X25hbWUiOiJQZXNobyJ9.Hvt2GcG3qERfvRgiwwGIUvmjYj23MDBKy63WSXjHHS4IsOqpJk5ZLtaFzVrIRdq8KRZLB6IUia0bv53om9F4RQ	\N	2024-02-22 22:50:55+02	\N	3dffd29af9f242e7bea5e59ba131bf4a
68	eyJhbGciOiJSUzI1NiIsInR5cCI6IkpXVCJ9.eyJ0b2tlbl90eXBlIjoicmVmcmVzaCIsImV4cCI6MTcwODYzNTM1NywiaWF0IjoxNzA4MjAzMzU3LCJqdGkiOiI3OWM4ZjQ4ZGI3MjA0ZGE1OTUzZTVkMzQ1NzIyMDEzNyIsInVzZXJfaWQiOjEsImZpcnN0X25hbWUiOiJQZXNobyJ9.AzWw5zcwIyKQRVGneiJdEIDEyiB9Lr4Ev5j3rS-ZMdP3LqOVvATPe-b7OsK-PCb39X32g_Ezc_r5mAHaSD3dEg	\N	2024-02-22 22:55:57+02	\N	79c8f48db7204da5953e5d3457220137
69	eyJhbGciOiJSUzI1NiIsInR5cCI6IkpXVCJ9.eyJ0b2tlbl90eXBlIjoicmVmcmVzaCIsImV4cCI6MTcwODYzNTY3OSwiaWF0IjoxNzA4MjAzNjc5LCJqdGkiOiJjOTIzMWU4MzVjZTE0MWI3OTliODY3YjkxYzIxYzc1NCIsInVzZXJfaWQiOjEsImZpcnN0X25hbWUiOiJQZXNobyJ9.nDF0fK70IjS583BdzwsFQk9NDFTU_xpORndGtbOMQJU598g6SrqV_Jv9YXy_HO2guQLPPDW2zmff63PG4y8YXA	\N	2024-02-22 23:01:19+02	\N	c9231e835ce141b799b867b91c21c754
70	eyJhbGciOiJSUzI1NiIsInR5cCI6IkpXVCJ9.eyJ0b2tlbl90eXBlIjoicmVmcmVzaCIsImV4cCI6MTcwODYzNjAxOSwiaWF0IjoxNzA4MjA0MDE5LCJqdGkiOiIxNWM2NjU4NzEwZTI0YjdhOTI3YWEyNjk5N2ZmZThhMyIsInVzZXJfaWQiOjEsImZpcnN0X25hbWUiOiJQZXNobyJ9.c5EhI6bp-HkIT26nNmnj2bnocnET1uwe3Yrh9iP0gs8vqEhDeXrMLLLHAuRAajuDfCr7KtIX_smciS24NXuOdQ	\N	2024-02-22 23:06:59+02	\N	15c6658710e24b7a927aa26997ffe8a3
71	eyJhbGciOiJSUzI1NiIsInR5cCI6IkpXVCJ9.eyJ0b2tlbl90eXBlIjoicmVmcmVzaCIsImV4cCI6MTcwODYzNjMzMywiaWF0IjoxNzA4MjA0MzMzLCJqdGkiOiJmYTUwNjRmMjQwMzM0ZmRhYTNlNTlmM2ZlNDFkYzYwOSIsInVzZXJfaWQiOjEsImZpcnN0X25hbWUiOiJQZXNobyJ9.jAQwGigJMj5Nd0KzfHLmcFdYXF4q71y2S1jC-1OxW-73y71Pz8j4PalR6EhJdof9G68jswZajEO8BT2ns5NAVw	\N	2024-02-22 23:12:13+02	\N	fa5064f240334fdaa3e59f3fe41dc609
72	eyJhbGciOiJSUzI1NiIsInR5cCI6IkpXVCJ9.eyJ0b2tlbl90eXBlIjoicmVmcmVzaCIsImV4cCI6MTcwODYzNjY0MSwiaWF0IjoxNzA4MjA0NjQxLCJqdGkiOiIxYTQzOWIzMGIzMmI0MGM4YTk4NDY5NTAxM2MwNWI4ZCIsInVzZXJfaWQiOjEsImZpcnN0X25hbWUiOiJQZXNobyJ9.PfrvWn9Pb1JXOfTwFOf-0tfwWJcrRQhUNvCaXqVSxdrV_ATiKxEOFMSV05lfwigI5jamHG9Wu1h7g84DrNlrkg	\N	2024-02-22 23:17:21+02	\N	1a439b30b32b40c8a984695013c05b8d
73	eyJhbGciOiJSUzI1NiIsInR5cCI6IkpXVCJ9.eyJ0b2tlbl90eXBlIjoicmVmcmVzaCIsImV4cCI6MTcwODYzNzE1NywiaWF0IjoxNzA4MjA1MTU3LCJqdGkiOiI1MThkNGJmYWZiOWU0OTQyYjA4ZWI5ZTI4YmVjMmYyNiIsInVzZXJfaWQiOjEsImZpcnN0X25hbWUiOiJQZXNobyJ9.WHk-3QM_H_q61nvKuJGZi-Dvm6M2IPl_q5hs6GvKWNGJknKpS8GJXGn-m7uaAmmpxJs4UGKovxGcrA9ROZoEWw	\N	2024-02-22 23:25:57+02	\N	518d4bfafb9e4942b08eb9e28bec2f26
74	eyJhbGciOiJSUzI1NiIsInR5cCI6IkpXVCJ9.eyJ0b2tlbl90eXBlIjoicmVmcmVzaCIsImV4cCI6MTcwODYzNzQ2MCwiaWF0IjoxNzA4MjA1NDYwLCJqdGkiOiI4ZDNmOWQwOTI1N2U0OWUwYTg4MjFlNTAyY2RiYzc1MiIsInVzZXJfaWQiOjEsImZpcnN0X25hbWUiOiJQZXNobyJ9.aggYAScmcJYs_EnOG9YFL4HIsizce9FaKAB0dNVPO-zyIgUu-ggyOjyFPhGbphMtF-rOPjrbgB6mbxduqgpLEw	\N	2024-02-22 23:31:00+02	\N	8d3f9d09257e49e0a8821e502cdbc752
75	eyJhbGciOiJSUzI1NiIsInR5cCI6IkpXVCJ9.eyJ0b2tlbl90eXBlIjoicmVmcmVzaCIsImV4cCI6MTcwODYzODYxMywiaWF0IjoxNzA4MjA2NjEzLCJqdGkiOiI0YjE5OGVhZWFmNDE0NjQ5ODAwNDZiNmU0NjY3YzE5MyIsInVzZXJfaWQiOjEsImZpcnN0X25hbWUiOiJQZXNobyJ9.NMjivqIaMYN_i0k-mAK5VlJ6kp3Qe72Tnm7CYOI5zjdWOWfHUZvyaMRoAOoRRbFPgC2j4ohjX6FUUSwTpsZqSQ	\N	2024-02-22 23:50:13+02	\N	4b198eaeaf41464980046b6e4667c193
76	eyJhbGciOiJSUzI1NiIsInR5cCI6IkpXVCJ9.eyJ0b2tlbl90eXBlIjoicmVmcmVzaCIsImV4cCI6MTcwODYzODkxNywiaWF0IjoxNzA4MjA2OTE3LCJqdGkiOiJkMzUzYzEyMGI3ZTI0M2IwYWZjNDdhNWE0YmFhZGNlOCIsInVzZXJfaWQiOjEsImZpcnN0X25hbWUiOiJQZXNobyJ9.KH-UMsR-kg6kiyhpaRmM2chsPIHiUYcLbjgoYGnkk42u89DVttlfnQXYdTGUzrSiirBNfRhHxiQXfXdS_bFmsA	\N	2024-02-22 23:55:17+02	\N	d353c120b7e243b0afc47a5a4baadce8
77	eyJhbGciOiJSUzI1NiIsInR5cCI6IkpXVCJ9.eyJ0b2tlbl90eXBlIjoicmVmcmVzaCIsImV4cCI6MTcwODYzOTIxNywiaWF0IjoxNzA4MjA3MjE3LCJqdGkiOiI4ZWQzMDMzMTg1M2I0MDYyYjBkYjljZTRkY2JlNWMzNSIsInVzZXJfaWQiOjEsImZpcnN0X25hbWUiOiJQZXNobyJ9.J85SvX2emhJTag9x7WuXFZ2bHml2IbVsODWYCoUwWqr74f4Ll6tMxUi9S6npeVOi4JXLd2jXw4Z0a47rVxQS5Q	\N	2024-02-23 00:00:17+02	\N	8ed30331853b4062b0db9ce4dcbe5c35
78	eyJhbGciOiJSUzI1NiIsInR5cCI6IkpXVCJ9.eyJ0b2tlbl90eXBlIjoicmVmcmVzaCIsImV4cCI6MTcwODYzOTcyNywiaWF0IjoxNzA4MjA3NzI3LCJqdGkiOiJkNmM4NzdlM2MyNzk0MjQ3YjUxMmM3MDdiYTgyM2NmMCIsInVzZXJfaWQiOjEsImZpcnN0X25hbWUiOiJQZXNobyJ9.EoJpAAjp9eFuxLmVoZeAY25Jz72mQP9ySby-czRDuF6ROrdUPHYXyIUSz-MbCkbKIixNotoZ6dDGeBO_rCxz5g	\N	2024-02-23 00:08:47+02	\N	d6c877e3c2794247b512c707ba823cf0
79	eyJhbGciOiJSUzI1NiIsInR5cCI6IkpXVCJ9.eyJ0b2tlbl90eXBlIjoicmVmcmVzaCIsImV4cCI6MTcwODY0MDA1NSwiaWF0IjoxNzA4MjA4MDU1LCJqdGkiOiIzNTVmOWE1MzM4NWQ0MTc2YWYzYjhjODAwMWQ3YTkxMCIsInVzZXJfaWQiOjEsImZpcnN0X25hbWUiOiJQZXNobyJ9.ipprQonm5Vz4Gs6l91zm1ugj373wcuPljaNPyve-m15rJHYYCgn4l_VELmtm3XPct_ItOfc2zc6eyYHLBBivYA	\N	2024-02-23 00:14:15+02	\N	355f9a53385d4176af3b8c8001d7a910
80	eyJhbGciOiJSUzI1NiIsInR5cCI6IkpXVCJ9.eyJ0b2tlbl90eXBlIjoicmVmcmVzaCIsImV4cCI6MTcwODY0MDQwMiwiaWF0IjoxNzA4MjA4NDAyLCJqdGkiOiI3ZDQ0NjVlYzI4ODE0MDgyYjE4N2U2MjhhYTNjY2Y4NyIsInVzZXJfaWQiOjEsImZpcnN0X25hbWUiOiJQZXNobyJ9.EFAjXCqmQlu1r7ygWJ05RRr58xVGXjFxWm-xy6aiq8DsZmyl6V_oOHorNVPp5HcqZBt1W6RD5NZTqpTxhtJXhA	\N	2024-02-23 00:20:02+02	\N	7d4465ec28814082b187e628aa3ccf87
81	eyJhbGciOiJSUzI1NiIsInR5cCI6IkpXVCJ9.eyJ0b2tlbl90eXBlIjoicmVmcmVzaCIsImV4cCI6MTcwODY4MDk1OCwiaWF0IjoxNzA4MjQ4OTU4LCJqdGkiOiI2MDNiOGZiZmE0Zjg0YzRlOTNkMjgzMzQzNmUyNDdkYyIsInVzZXJfaWQiOjF9.l1VqmclaJe7vjZntfzvhT1JyFV0iSvMm6rg0n6wBQUjH822fiLK8hidZtnUuCbnHrFqGqjXJeIJ2YeTnjyqiFA	2024-02-18 11:35:58.704981+02	2024-02-23 11:35:58+02	1	603b8fbfa4f84c4e93d2833436e247dc
82	eyJhbGciOiJSUzI1NiIsInR5cCI6IkpXVCJ9.eyJ0b2tlbl90eXBlIjoicmVmcmVzaCIsImV4cCI6MTcwODY4MTI1OSwiaWF0IjoxNzA4MjQ5MjU5LCJqdGkiOiIwM2MwMjhhZGEzMzE0ZDQ4OGVjODY3Y2Q0MThjNTViMSIsInVzZXJfaWQiOjEsImZpcnN0X25hbWUiOiJQZXNobyJ9.CfqBznkFkOKLZLYtRJ-8jhvLEIBK9e9mh93oTnT-eODAkopMoAMjUvdKFjclyBcQhu6NcIPUScEMVz2RDn4LtQ	\N	2024-02-23 11:40:59+02	\N	03c028ada3314d488ec867cd418c55b1
83	eyJhbGciOiJSUzI1NiIsInR5cCI6IkpXVCJ9.eyJ0b2tlbl90eXBlIjoicmVmcmVzaCIsImV4cCI6MTcwODY4MTU3MSwiaWF0IjoxNzA4MjQ5NTcxLCJqdGkiOiIzMDIyY2Y1MmRlNzg0MzU3OTUyYzM1ZDc0NWRlMjFkYiIsInVzZXJfaWQiOjEsImZpcnN0X25hbWUiOiJQZXNobyJ9.l4QAakIoRx8qecma-_kLcIBnHwFfh36W-vr3HcRt6E5cA-g9rKDQPjo4Y7BIyGAQvvSRWUVztM27qEUm1BBGUA	\N	2024-02-23 11:46:11+02	\N	3022cf52de784357952c35d745de21db
84	eyJhbGciOiJSUzI1NiIsInR5cCI6IkpXVCJ9.eyJ0b2tlbl90eXBlIjoicmVmcmVzaCIsImV4cCI6MTcwODY4MTkyNiwiaWF0IjoxNzA4MjQ5OTI2LCJqdGkiOiIwMjcyODM3N2VhYzI0YTYxOTFhNmEzNGZkMjU0NjhkNSIsInVzZXJfaWQiOjEsImZpcnN0X25hbWUiOiJQZXNobyJ9.mlL_M07S818bnGu28Jlkm6z399XdfnzRj20grWFIswRqb6iLX26sBDMFtCJQ7pjG9r0pkJQs6RnOQFJnR0PbFA	\N	2024-02-23 11:52:06+02	\N	02728377eac24a6191a6a34fd25468d5
85	eyJhbGciOiJSUzI1NiIsInR5cCI6IkpXVCJ9.eyJ0b2tlbl90eXBlIjoicmVmcmVzaCIsImV4cCI6MTcwODY4NTgwMiwiaWF0IjoxNzA4MjUzODAyLCJqdGkiOiJjODdiN2I1ZWJkOTM0MzY1YjY4NTUyM2U0MzNiYmE5NSIsInVzZXJfaWQiOjEsImZpcnN0X25hbWUiOiJQZXNobyJ9.Q-YvB1mLiAvUfUNquWhGoa_gyfFLiWJ3ISzUl9sDCitlqVReu2YcFCBhsVZsJAglcTYMyMxZSgOapX_CyOp07w	\N	2024-02-23 12:56:42+02	\N	c87b7b5ebd934365b685523e433bba95
86	eyJhbGciOiJSUzI1NiIsInR5cCI6IkpXVCJ9.eyJ0b2tlbl90eXBlIjoicmVmcmVzaCIsImV4cCI6MTcwODY4NjE4MywiaWF0IjoxNzA4MjU0MTgzLCJqdGkiOiI1OGI1YjIzYTc4ZmU0Y2ZhYTRlYWQ1ZTJiNjhlMmY2MiIsInVzZXJfaWQiOjEsImZpcnN0X25hbWUiOiJQZXNobyJ9.N4b4TGUKVwmqA0Ze_EFg4itnJBuKGrRD2pCbgHLfQArPr_xZXnVvyAzMFlxVSF1iuWmCp7Edhak1mTv1Mc8M3g	\N	2024-02-23 13:03:03+02	\N	58b5b23a78fe4cfaa4ead5e2b68e2f62
87	eyJhbGciOiJSUzI1NiIsInR5cCI6IkpXVCJ9.eyJ0b2tlbl90eXBlIjoicmVmcmVzaCIsImV4cCI6MTcwODY4NjgxNywiaWF0IjoxNzA4MjU0ODE3LCJqdGkiOiI2YTQyYWRiNWIyZjI0YzNkOWFlYWY3ZWQyOTYzZWVjYiIsInVzZXJfaWQiOjEsImZpcnN0X25hbWUiOiJQZXNobyJ9.fg_FQ5FKaHe6YdtciO4pSxJ5SRUvcqYfizmObt3VbOyBiHSgutT6V42sIcLRI4zjytYK-wkXADYsbK1KoAzOdQ	\N	2024-02-23 13:13:37+02	\N	6a42adb5b2f24c3d9aeaf7ed2963eecb
88	eyJhbGciOiJSUzI1NiIsInR5cCI6IkpXVCJ9.eyJ0b2tlbl90eXBlIjoicmVmcmVzaCIsImV4cCI6MTcwODY4NzI3NiwiaWF0IjoxNzA4MjU1Mjc2LCJqdGkiOiJlNDBiYzFhZmE3MTc0OTAxOTEzYzE0NDU2N2U2ZjNhOSIsInVzZXJfaWQiOjEsImZpcnN0X25hbWUiOiJQZXNobyJ9.LcYpNzeSL-gP3ffwwtjlbB4KCzO-Z4luVKvn1M2m9WK3BPf9gtRFe3ubb2DVs4VJH7sIznF0BCVsxmdNe-2fVg	\N	2024-02-23 13:21:16+02	\N	e40bc1afa7174901913c144567e6f3a9
89	eyJhbGciOiJSUzI1NiIsInR5cCI6IkpXVCJ9.eyJ0b2tlbl90eXBlIjoicmVmcmVzaCIsImV4cCI6MTcwODcwMTMxNywiaWF0IjoxNzA4MjY5MzE3LCJqdGkiOiI1ODE3ZTZkNjY4YWY0OTEzYTBjMzM0OTdjMDljYjE5NyIsInVzZXJfaWQiOjEsImZpcnN0X25hbWUiOiJQZXNobyJ9.T0kW1V9F9V30HHIXNgKJ20x-nEm6PDdXbthPaW0-RYMHCOIVMEd5LDI8C4uklFMXrEyuGfZhKdML80aE0jTEpg	\N	2024-02-23 17:15:17+02	\N	5817e6d668af4913a0c33497c09cb197
90	eyJhbGciOiJSUzI1NiIsInR5cCI6IkpXVCJ9.eyJ0b2tlbl90eXBlIjoicmVmcmVzaCIsImV4cCI6MTcwODcwMTgxMCwiaWF0IjoxNzA4MjY5ODEwLCJqdGkiOiJhNmVmNTY2NWNhZDg0NTI4OTVhMDQ3NTUzMWNmMzhmYyIsInVzZXJfaWQiOjEsImZpcnN0X25hbWUiOiJQZXNobyJ9.iSQThPHV-9XgSErA7-hRH2XAkVx1TVDaAygk3sHqu_DIkFgLE0xNMgfAZURB1AYl8TZT4uv7PZrFiGxHoJhjrQ	\N	2024-02-23 17:23:30+02	\N	a6ef5665cad8452895a0475531cf38fc
91	eyJhbGciOiJSUzI1NiIsInR5cCI6IkpXVCJ9.eyJ0b2tlbl90eXBlIjoicmVmcmVzaCIsImV4cCI6MTcwODcwMjEyNiwiaWF0IjoxNzA4MjcwMTI2LCJqdGkiOiI3NjY5YTk1OGVmYzg0Yzc3YmU1ZTIzMDc4MGY5NWE5MiIsInVzZXJfaWQiOjEsImZpcnN0X25hbWUiOiJQZXNobyJ9.MJltVD-bqPxfEAG98_cFgFi8hOaSa91218fiP-_Mpbuoh4qanzfKiw9X3eBJlmHW_6MKlEL5LNS9Pr3RbhmThA	\N	2024-02-23 17:28:46+02	\N	7669a958efc84c77be5e230780f95a92
92	eyJhbGciOiJSUzI1NiIsInR5cCI6IkpXVCJ9.eyJ0b2tlbl90eXBlIjoicmVmcmVzaCIsImV4cCI6MTcwODcwMjQzNiwiaWF0IjoxNzA4MjcwNDM2LCJqdGkiOiJhYzIzZjIxZTQyMjM0OTAzOTg0MDZhZDc5MmE0NzQ2NCIsInVzZXJfaWQiOjEsImZpcnN0X25hbWUiOiJQZXNobyJ9.L_3YZidXoD6lnb31ksed9W4LEIs_nns53NUufo93bBI7AawsgayIJvBS5jXCMb_lLHg8qhZkDMMFHa0664OaQQ	\N	2024-02-23 17:33:56+02	\N	ac23f21e4223490398406ad792a47464
93	eyJhbGciOiJSUzI1NiIsInR5cCI6IkpXVCJ9.eyJ0b2tlbl90eXBlIjoicmVmcmVzaCIsImV4cCI6MTcwODcwMjczNywiaWF0IjoxNzA4MjcwNzM3LCJqdGkiOiI2MzQ3ODgwMjRhMzA0YTlkYWI0YjY5ZGRmNDI0ZTE5YyIsInVzZXJfaWQiOjEsImZpcnN0X25hbWUiOiJQZXNobyJ9.ca10iBP1meyudRhnxXEZXTNYgiA6-C3dqemGSjX_rflJHpajtRkKa7Iz6W_ESY0UAsVYmyFru8zLmrSJhxq-Xw	\N	2024-02-23 17:38:57+02	\N	634788024a304a9dab4b69ddf424e19c
94	eyJhbGciOiJSUzI1NiIsInR5cCI6IkpXVCJ9.eyJ0b2tlbl90eXBlIjoicmVmcmVzaCIsImV4cCI6MTcwODcwMzA4NywiaWF0IjoxNzA4MjcxMDg3LCJqdGkiOiI4ZjY2OWQyNTAwYjE0ODgxYWVmYWMzM2U0ZDhmZjZjNCIsInVzZXJfaWQiOjEsImZpcnN0X25hbWUiOiJQZXNobyJ9.WHWt0kg7qv6fVaZp87gTlW7oQpr1nFYn6jfDzXVU1PPTDDhkDspP28ONSz3abR6qM9r0TJxYG71DcE5ArpKSzw	\N	2024-02-23 17:44:47+02	\N	8f669d2500b14881aefac33e4d8ff6c4
95	eyJhbGciOiJSUzI1NiIsInR5cCI6IkpXVCJ9.eyJ0b2tlbl90eXBlIjoicmVmcmVzaCIsImV4cCI6MTcwODcwMzQxMiwiaWF0IjoxNzA4MjcxNDEyLCJqdGkiOiJmMmU2YWY2ODZkODY0MDcxOWE1ZmZkNzIzMDk2ZGI3ZiIsInVzZXJfaWQiOjEsImZpcnN0X25hbWUiOiJQZXNobyJ9.jOJAvJCwvmYMRP1vtZQvVQI6X8T5oPxoEC575awL224PEmP7cIv1blAHRvnAV4GAEoTtMGYyIRWEUfa_AqGItA	\N	2024-02-23 17:50:12+02	\N	f2e6af686d8640719a5ffd723096db7f
96	eyJhbGciOiJSUzI1NiIsInR5cCI6IkpXVCJ9.eyJ0b2tlbl90eXBlIjoicmVmcmVzaCIsImV4cCI6MTcwODcwMzcxMiwiaWF0IjoxNzA4MjcxNzEyLCJqdGkiOiI0MDdkNGQ4ODQ4NGE0MTU1OGNlYTA3YzNiYTQzNGU2ZCIsInVzZXJfaWQiOjEsImZpcnN0X25hbWUiOiJQZXNobyJ9.H1xwP2T_w-x5CBbNVHfXmY1IyVKVm6OyGAPTfUQgv2-lavVsuksJxHVGNrm8acTfivw6eGvoj1t_nv_P27GmSw	\N	2024-02-23 17:55:12+02	\N	407d4d88484a41558cea07c3ba434e6d
97	eyJhbGciOiJSUzI1NiIsInR5cCI6IkpXVCJ9.eyJ0b2tlbl90eXBlIjoicmVmcmVzaCIsImV4cCI6MTcwODcwNDQ3MiwiaWF0IjoxNzA4MjcyNDcyLCJqdGkiOiI5YjllMDg4ZTYxMzk0NmY2OThhOTQ5NDEyODBlNGQ5ZiIsInVzZXJfaWQiOjEsImZpcnN0X25hbWUiOiJQZXNobyJ9.nn2F2mS4OGYZA7s9gV3ASp79JfrlRv0-VbIj-YI6vo_7_vaqp7Ds8-dU-iLvONneAfuGiT5BeUqRmoy6v-nCRw	\N	2024-02-23 18:07:52+02	\N	9b9e088e613946f698a94941280e4d9f
98	eyJhbGciOiJSUzI1NiIsInR5cCI6IkpXVCJ9.eyJ0b2tlbl90eXBlIjoicmVmcmVzaCIsImV4cCI6MTcwODc5ODM4NywiaWF0IjoxNzA4MzY2Mzg3LCJqdGkiOiJiOWYyNTdkNjdjMmQ0NWZiOTIzOGZmMDU0MGQ1MmRmMCIsInVzZXJfaWQiOjF9.ZJ0iWD0v9mr6jN9xt-saTlwEdvqrC4GY6oULK_hebFIi9NNNQj5HEpwOAQF5wwPYviy0StsVBNH-YALQaCH9hQ	2024-02-19 20:13:07.333629+02	2024-02-24 20:13:07+02	1	b9f257d67c2d45fb9238ff0540d52df0
\.


--
-- Data for Name: users_user; Type: TABLE DATA; Schema: public; Owner: dev_app
--

COPY public.users_user (id, password, last_login, is_superuser, first_name, last_name, is_staff, is_active, date_joined, email) FROM stdin;
1	pbkdf2_sha256$720000$CRO2HZxlBofD3u8kgd03Pz$tBjXMjtAFIx9OKszWj9wJ9zVIhYXaARjdjWEolp91pA=	\N	f	Pesho	Ivanov	f	t	2024-02-14 10:47:53.842262+02	pesho@abv.bg
2	pbkdf2_sha256$720000$5LJxaxlHZN9Jhici06Ingy$qwlUVsWjT9pN/GFHDqMuxaXODOqLV/hr9o/36GMGfq8=	\N	f	Todor	Waterson	f	t	2024-02-17 11:41:09.435254+02	velikiq@abv.bg
3	pbkdf2_sha256$720000$MeqiphWQlUky8di2smwp3c$O8jd43ycxXjeyU+mpiS9juLqIwVvGWyeKJHoxywhFa0=	\N	f	Volodimir	Gambitov	f	t	2024-02-17 11:46:52.979772+02	trouble@gmail.com
4	pbkdf2_sha256$720000$LuBQ35ZhUyUoUAzUS5OKAp$NXCUqBKoa+/1FPHeazBbU162GPCJy+9JSXbnY5+GkSc=	\N	f			f	t	2024-02-17 12:48:38.600437+02	rabbit@gmail.com
5	pbkdf2_sha256$720000$epn386wfqwEizUytc904kC$deZ6qMGS2lqcznx4A9aF/cj7v5qQSBd+TlwO591EBeM=	\N	f	Ivan	Stoqnov	f	t	2024-02-17 21:23:42.421933+02	ivanstoq@abv.bg
6	pbkdf2_sha256$720000$t4hRo7aKRzhqWBbFeH4ttU$B+viZr8tUusWQpwCu+mjWOAS3WcTdoiQEsXxxeITAuY=	\N	f	Pablo	Korchata	f	t	2024-02-17 21:27:27.037251+02	pablo@abv.bg
\.


--
-- Data for Name: users_user_feeds; Type: TABLE DATA; Schema: public; Owner: dev_app
--

COPY public.users_user_feeds (id, user_id, feed_id) FROM stdin;
5	1	4
8	1	9
11	1	2
12	1	8
\.


--
-- Data for Name: users_user_groups; Type: TABLE DATA; Schema: public; Owner: dev_app
--

COPY public.users_user_groups (id, user_id, group_id) FROM stdin;
\.


--
-- Data for Name: users_user_user_permissions; Type: TABLE DATA; Schema: public; Owner: dev_app
--

COPY public.users_user_user_permissions (id, user_id, permission_id) FROM stdin;
\.


--
-- Name: auth_group_id_seq; Type: SEQUENCE SET; Schema: public; Owner: dev_app
--

SELECT pg_catalog.setval('public.auth_group_id_seq', 1, false);


--
-- Name: auth_group_permissions_id_seq; Type: SEQUENCE SET; Schema: public; Owner: dev_app
--

SELECT pg_catalog.setval('public.auth_group_permissions_id_seq', 1, false);


--
-- Name: auth_permission_id_seq; Type: SEQUENCE SET; Schema: public; Owner: dev_app
--

SELECT pg_catalog.setval('public.auth_permission_id_seq', 40, true);


--
-- Name: django_admin_log_id_seq; Type: SEQUENCE SET; Schema: public; Owner: dev_app
--

SELECT pg_catalog.setval('public.django_admin_log_id_seq', 1, false);


--
-- Name: django_content_type_id_seq; Type: SEQUENCE SET; Schema: public; Owner: dev_app
--

SELECT pg_catalog.setval('public.django_content_type_id_seq', 10, true);


--
-- Name: django_migrations_id_seq; Type: SEQUENCE SET; Schema: public; Owner: dev_app
--

SELECT pg_catalog.setval('public.django_migrations_id_seq', 34, true);


--
-- Name: feeds_feed_id_seq; Type: SEQUENCE SET; Schema: public; Owner: dev_app
--

SELECT pg_catalog.setval('public.feeds_feed_id_seq', 20, true);


--
-- Name: token_blacklist_blacklistedtoken_id_seq; Type: SEQUENCE SET; Schema: public; Owner: dev_app
--

SELECT pg_catalog.setval('public.token_blacklist_blacklistedtoken_id_seq', 71, true);


--
-- Name: token_blacklist_outstandingtoken_id_seq; Type: SEQUENCE SET; Schema: public; Owner: dev_app
--

SELECT pg_catalog.setval('public.token_blacklist_outstandingtoken_id_seq', 98, true);


--
-- Name: users_user_feeds_id_seq; Type: SEQUENCE SET; Schema: public; Owner: dev_app
--

SELECT pg_catalog.setval('public.users_user_feeds_id_seq', 12, true);


--
-- Name: users_user_groups_id_seq; Type: SEQUENCE SET; Schema: public; Owner: dev_app
--

SELECT pg_catalog.setval('public.users_user_groups_id_seq', 1, false);


--
-- Name: users_user_id_seq; Type: SEQUENCE SET; Schema: public; Owner: dev_app
--

SELECT pg_catalog.setval('public.users_user_id_seq', 6, true);


--
-- Name: users_user_user_permissions_id_seq; Type: SEQUENCE SET; Schema: public; Owner: dev_app
--

SELECT pg_catalog.setval('public.users_user_user_permissions_id_seq', 1, false);


--
-- Name: auth_group auth_group_name_key; Type: CONSTRAINT; Schema: public; Owner: dev_app
--

ALTER TABLE ONLY public.auth_group
    ADD CONSTRAINT auth_group_name_key UNIQUE (name);


--
-- Name: auth_group_permissions auth_group_permissions_group_id_permission_id_0cd325b0_uniq; Type: CONSTRAINT; Schema: public; Owner: dev_app
--

ALTER TABLE ONLY public.auth_group_permissions
    ADD CONSTRAINT auth_group_permissions_group_id_permission_id_0cd325b0_uniq UNIQUE (group_id, permission_id);


--
-- Name: auth_group_permissions auth_group_permissions_pkey; Type: CONSTRAINT; Schema: public; Owner: dev_app
--

ALTER TABLE ONLY public.auth_group_permissions
    ADD CONSTRAINT auth_group_permissions_pkey PRIMARY KEY (id);


--
-- Name: auth_group auth_group_pkey; Type: CONSTRAINT; Schema: public; Owner: dev_app
--

ALTER TABLE ONLY public.auth_group
    ADD CONSTRAINT auth_group_pkey PRIMARY KEY (id);


--
-- Name: auth_permission auth_permission_content_type_id_codename_01ab375a_uniq; Type: CONSTRAINT; Schema: public; Owner: dev_app
--

ALTER TABLE ONLY public.auth_permission
    ADD CONSTRAINT auth_permission_content_type_id_codename_01ab375a_uniq UNIQUE (content_type_id, codename);


--
-- Name: auth_permission auth_permission_pkey; Type: CONSTRAINT; Schema: public; Owner: dev_app
--

ALTER TABLE ONLY public.auth_permission
    ADD CONSTRAINT auth_permission_pkey PRIMARY KEY (id);


--
-- Name: django_admin_log django_admin_log_pkey; Type: CONSTRAINT; Schema: public; Owner: dev_app
--

ALTER TABLE ONLY public.django_admin_log
    ADD CONSTRAINT django_admin_log_pkey PRIMARY KEY (id);


--
-- Name: django_content_type django_content_type_app_label_model_76bd3d3b_uniq; Type: CONSTRAINT; Schema: public; Owner: dev_app
--

ALTER TABLE ONLY public.django_content_type
    ADD CONSTRAINT django_content_type_app_label_model_76bd3d3b_uniq UNIQUE (app_label, model);


--
-- Name: django_content_type django_content_type_pkey; Type: CONSTRAINT; Schema: public; Owner: dev_app
--

ALTER TABLE ONLY public.django_content_type
    ADD CONSTRAINT django_content_type_pkey PRIMARY KEY (id);


--
-- Name: django_migrations django_migrations_pkey; Type: CONSTRAINT; Schema: public; Owner: dev_app
--

ALTER TABLE ONLY public.django_migrations
    ADD CONSTRAINT django_migrations_pkey PRIMARY KEY (id);


--
-- Name: django_session django_session_pkey; Type: CONSTRAINT; Schema: public; Owner: dev_app
--

ALTER TABLE ONLY public.django_session
    ADD CONSTRAINT django_session_pkey PRIMARY KEY (session_key);


--
-- Name: feeds_feed feeds_feed_pkey; Type: CONSTRAINT; Schema: public; Owner: dev_app
--

ALTER TABLE ONLY public.feeds_feed
    ADD CONSTRAINT feeds_feed_pkey PRIMARY KEY (id);


--
-- Name: feeds_feed feeds_feed_source_url_e43166e0_uniq; Type: CONSTRAINT; Schema: public; Owner: dev_app
--

ALTER TABLE ONLY public.feeds_feed
    ADD CONSTRAINT feeds_feed_source_url_e43166e0_uniq UNIQUE (source_url);


--
-- Name: token_blacklist_blacklistedtoken token_blacklist_blacklistedtoken_pkey; Type: CONSTRAINT; Schema: public; Owner: dev_app
--

ALTER TABLE ONLY public.token_blacklist_blacklistedtoken
    ADD CONSTRAINT token_blacklist_blacklistedtoken_pkey PRIMARY KEY (id);


--
-- Name: token_blacklist_blacklistedtoken token_blacklist_blacklistedtoken_token_id_key; Type: CONSTRAINT; Schema: public; Owner: dev_app
--

ALTER TABLE ONLY public.token_blacklist_blacklistedtoken
    ADD CONSTRAINT token_blacklist_blacklistedtoken_token_id_key UNIQUE (token_id);


--
-- Name: token_blacklist_outstandingtoken token_blacklist_outstandingtoken_jti_hex_d9bdf6f7_uniq; Type: CONSTRAINT; Schema: public; Owner: dev_app
--

ALTER TABLE ONLY public.token_blacklist_outstandingtoken
    ADD CONSTRAINT token_blacklist_outstandingtoken_jti_hex_d9bdf6f7_uniq UNIQUE (jti);


--
-- Name: token_blacklist_outstandingtoken token_blacklist_outstandingtoken_pkey; Type: CONSTRAINT; Schema: public; Owner: dev_app
--

ALTER TABLE ONLY public.token_blacklist_outstandingtoken
    ADD CONSTRAINT token_blacklist_outstandingtoken_pkey PRIMARY KEY (id);


--
-- Name: users_user users_user_email_key; Type: CONSTRAINT; Schema: public; Owner: dev_app
--

ALTER TABLE ONLY public.users_user
    ADD CONSTRAINT users_user_email_key UNIQUE (email);


--
-- Name: users_user_feeds users_user_feeds_pkey; Type: CONSTRAINT; Schema: public; Owner: dev_app
--

ALTER TABLE ONLY public.users_user_feeds
    ADD CONSTRAINT users_user_feeds_pkey PRIMARY KEY (id);


--
-- Name: users_user_feeds users_user_feeds_user_id_feed_id_532db052_uniq; Type: CONSTRAINT; Schema: public; Owner: dev_app
--

ALTER TABLE ONLY public.users_user_feeds
    ADD CONSTRAINT users_user_feeds_user_id_feed_id_532db052_uniq UNIQUE (user_id, feed_id);


--
-- Name: users_user_groups users_user_groups_pkey; Type: CONSTRAINT; Schema: public; Owner: dev_app
--

ALTER TABLE ONLY public.users_user_groups
    ADD CONSTRAINT users_user_groups_pkey PRIMARY KEY (id);


--
-- Name: users_user_groups users_user_groups_user_id_group_id_b88eab82_uniq; Type: CONSTRAINT; Schema: public; Owner: dev_app
--

ALTER TABLE ONLY public.users_user_groups
    ADD CONSTRAINT users_user_groups_user_id_group_id_b88eab82_uniq UNIQUE (user_id, group_id);


--
-- Name: users_user users_user_pkey; Type: CONSTRAINT; Schema: public; Owner: dev_app
--

ALTER TABLE ONLY public.users_user
    ADD CONSTRAINT users_user_pkey PRIMARY KEY (id);


--
-- Name: users_user_user_permissions users_user_user_permissions_pkey; Type: CONSTRAINT; Schema: public; Owner: dev_app
--

ALTER TABLE ONLY public.users_user_user_permissions
    ADD CONSTRAINT users_user_user_permissions_pkey PRIMARY KEY (id);


--
-- Name: users_user_user_permissions users_user_user_permissions_user_id_permission_id_43338c45_uniq; Type: CONSTRAINT; Schema: public; Owner: dev_app
--

ALTER TABLE ONLY public.users_user_user_permissions
    ADD CONSTRAINT users_user_user_permissions_user_id_permission_id_43338c45_uniq UNIQUE (user_id, permission_id);


--
-- Name: auth_group_name_a6ea08ec_like; Type: INDEX; Schema: public; Owner: dev_app
--

CREATE INDEX auth_group_name_a6ea08ec_like ON public.auth_group USING btree (name varchar_pattern_ops);


--
-- Name: auth_group_permissions_group_id_b120cbf9; Type: INDEX; Schema: public; Owner: dev_app
--

CREATE INDEX auth_group_permissions_group_id_b120cbf9 ON public.auth_group_permissions USING btree (group_id);


--
-- Name: auth_group_permissions_permission_id_84c5c92e; Type: INDEX; Schema: public; Owner: dev_app
--

CREATE INDEX auth_group_permissions_permission_id_84c5c92e ON public.auth_group_permissions USING btree (permission_id);


--
-- Name: auth_permission_content_type_id_2f476e4b; Type: INDEX; Schema: public; Owner: dev_app
--

CREATE INDEX auth_permission_content_type_id_2f476e4b ON public.auth_permission USING btree (content_type_id);


--
-- Name: django_admin_log_content_type_id_c4bce8eb; Type: INDEX; Schema: public; Owner: dev_app
--

CREATE INDEX django_admin_log_content_type_id_c4bce8eb ON public.django_admin_log USING btree (content_type_id);


--
-- Name: django_admin_log_user_id_c564eba6; Type: INDEX; Schema: public; Owner: dev_app
--

CREATE INDEX django_admin_log_user_id_c564eba6 ON public.django_admin_log USING btree (user_id);


--
-- Name: django_session_expire_date_a5c62663; Type: INDEX; Schema: public; Owner: dev_app
--

CREATE INDEX django_session_expire_date_a5c62663 ON public.django_session USING btree (expire_date);


--
-- Name: django_session_session_key_c0390e0f_like; Type: INDEX; Schema: public; Owner: dev_app
--

CREATE INDEX django_session_session_key_c0390e0f_like ON public.django_session USING btree (session_key varchar_pattern_ops);


--
-- Name: feeds_feed_source_url_e43166e0_like; Type: INDEX; Schema: public; Owner: dev_app
--

CREATE INDEX feeds_feed_source_url_e43166e0_like ON public.feeds_feed USING btree (source_url varchar_pattern_ops);


--
-- Name: token_blacklist_outstandingtoken_jti_hex_d9bdf6f7_like; Type: INDEX; Schema: public; Owner: dev_app
--

CREATE INDEX token_blacklist_outstandingtoken_jti_hex_d9bdf6f7_like ON public.token_blacklist_outstandingtoken USING btree (jti varchar_pattern_ops);


--
-- Name: token_blacklist_outstandingtoken_user_id_83bc629a; Type: INDEX; Schema: public; Owner: dev_app
--

CREATE INDEX token_blacklist_outstandingtoken_user_id_83bc629a ON public.token_blacklist_outstandingtoken USING btree (user_id);


--
-- Name: users_user_email_243f6e77_like; Type: INDEX; Schema: public; Owner: dev_app
--

CREATE INDEX users_user_email_243f6e77_like ON public.users_user USING btree (email varchar_pattern_ops);


--
-- Name: users_user_feeds_feed_id_5bf28b06; Type: INDEX; Schema: public; Owner: dev_app
--

CREATE INDEX users_user_feeds_feed_id_5bf28b06 ON public.users_user_feeds USING btree (feed_id);


--
-- Name: users_user_feeds_user_id_211d9282; Type: INDEX; Schema: public; Owner: dev_app
--

CREATE INDEX users_user_feeds_user_id_211d9282 ON public.users_user_feeds USING btree (user_id);


--
-- Name: users_user_groups_group_id_9afc8d0e; Type: INDEX; Schema: public; Owner: dev_app
--

CREATE INDEX users_user_groups_group_id_9afc8d0e ON public.users_user_groups USING btree (group_id);


--
-- Name: users_user_groups_user_id_5f6f5a90; Type: INDEX; Schema: public; Owner: dev_app
--

CREATE INDEX users_user_groups_user_id_5f6f5a90 ON public.users_user_groups USING btree (user_id);


--
-- Name: users_user_user_permissions_permission_id_0b93982e; Type: INDEX; Schema: public; Owner: dev_app
--

CREATE INDEX users_user_user_permissions_permission_id_0b93982e ON public.users_user_user_permissions USING btree (permission_id);


--
-- Name: users_user_user_permissions_user_id_20aca447; Type: INDEX; Schema: public; Owner: dev_app
--

CREATE INDEX users_user_user_permissions_user_id_20aca447 ON public.users_user_user_permissions USING btree (user_id);


--
-- Name: auth_group_permissions auth_group_permissio_permission_id_84c5c92e_fk_auth_perm; Type: FK CONSTRAINT; Schema: public; Owner: dev_app
--

ALTER TABLE ONLY public.auth_group_permissions
    ADD CONSTRAINT auth_group_permissio_permission_id_84c5c92e_fk_auth_perm FOREIGN KEY (permission_id) REFERENCES public.auth_permission(id) DEFERRABLE INITIALLY DEFERRED;


--
-- Name: auth_group_permissions auth_group_permissions_group_id_b120cbf9_fk_auth_group_id; Type: FK CONSTRAINT; Schema: public; Owner: dev_app
--

ALTER TABLE ONLY public.auth_group_permissions
    ADD CONSTRAINT auth_group_permissions_group_id_b120cbf9_fk_auth_group_id FOREIGN KEY (group_id) REFERENCES public.auth_group(id) DEFERRABLE INITIALLY DEFERRED;


--
-- Name: auth_permission auth_permission_content_type_id_2f476e4b_fk_django_co; Type: FK CONSTRAINT; Schema: public; Owner: dev_app
--

ALTER TABLE ONLY public.auth_permission
    ADD CONSTRAINT auth_permission_content_type_id_2f476e4b_fk_django_co FOREIGN KEY (content_type_id) REFERENCES public.django_content_type(id) DEFERRABLE INITIALLY DEFERRED;


--
-- Name: django_admin_log django_admin_log_content_type_id_c4bce8eb_fk_django_co; Type: FK CONSTRAINT; Schema: public; Owner: dev_app
--

ALTER TABLE ONLY public.django_admin_log
    ADD CONSTRAINT django_admin_log_content_type_id_c4bce8eb_fk_django_co FOREIGN KEY (content_type_id) REFERENCES public.django_content_type(id) DEFERRABLE INITIALLY DEFERRED;


--
-- Name: django_admin_log django_admin_log_user_id_c564eba6_fk_users_user_id; Type: FK CONSTRAINT; Schema: public; Owner: dev_app
--

ALTER TABLE ONLY public.django_admin_log
    ADD CONSTRAINT django_admin_log_user_id_c564eba6_fk_users_user_id FOREIGN KEY (user_id) REFERENCES public.users_user(id) DEFERRABLE INITIALLY DEFERRED;


--
-- Name: token_blacklist_blacklistedtoken token_blacklist_blacklistedtoken_token_id_3cc7fe56_fk; Type: FK CONSTRAINT; Schema: public; Owner: dev_app
--

ALTER TABLE ONLY public.token_blacklist_blacklistedtoken
    ADD CONSTRAINT token_blacklist_blacklistedtoken_token_id_3cc7fe56_fk FOREIGN KEY (token_id) REFERENCES public.token_blacklist_outstandingtoken(id) DEFERRABLE INITIALLY DEFERRED;


--
-- Name: token_blacklist_outstandingtoken token_blacklist_outs_user_id_83bc629a_fk_users_use; Type: FK CONSTRAINT; Schema: public; Owner: dev_app
--

ALTER TABLE ONLY public.token_blacklist_outstandingtoken
    ADD CONSTRAINT token_blacklist_outs_user_id_83bc629a_fk_users_use FOREIGN KEY (user_id) REFERENCES public.users_user(id) DEFERRABLE INITIALLY DEFERRED;


--
-- Name: users_user_feeds users_user_feeds_feed_id_5bf28b06_fk_feeds_feed_id; Type: FK CONSTRAINT; Schema: public; Owner: dev_app
--

ALTER TABLE ONLY public.users_user_feeds
    ADD CONSTRAINT users_user_feeds_feed_id_5bf28b06_fk_feeds_feed_id FOREIGN KEY (feed_id) REFERENCES public.feeds_feed(id) DEFERRABLE INITIALLY DEFERRED;


--
-- Name: users_user_feeds users_user_feeds_user_id_211d9282_fk_users_user_id; Type: FK CONSTRAINT; Schema: public; Owner: dev_app
--

ALTER TABLE ONLY public.users_user_feeds
    ADD CONSTRAINT users_user_feeds_user_id_211d9282_fk_users_user_id FOREIGN KEY (user_id) REFERENCES public.users_user(id) DEFERRABLE INITIALLY DEFERRED;


--
-- Name: users_user_groups users_user_groups_group_id_9afc8d0e_fk_auth_group_id; Type: FK CONSTRAINT; Schema: public; Owner: dev_app
--

ALTER TABLE ONLY public.users_user_groups
    ADD CONSTRAINT users_user_groups_group_id_9afc8d0e_fk_auth_group_id FOREIGN KEY (group_id) REFERENCES public.auth_group(id) DEFERRABLE INITIALLY DEFERRED;


--
-- Name: users_user_groups users_user_groups_user_id_5f6f5a90_fk_users_user_id; Type: FK CONSTRAINT; Schema: public; Owner: dev_app
--

ALTER TABLE ONLY public.users_user_groups
    ADD CONSTRAINT users_user_groups_user_id_5f6f5a90_fk_users_user_id FOREIGN KEY (user_id) REFERENCES public.users_user(id) DEFERRABLE INITIALLY DEFERRED;


--
-- Name: users_user_user_permissions users_user_user_perm_permission_id_0b93982e_fk_auth_perm; Type: FK CONSTRAINT; Schema: public; Owner: dev_app
--

ALTER TABLE ONLY public.users_user_user_permissions
    ADD CONSTRAINT users_user_user_perm_permission_id_0b93982e_fk_auth_perm FOREIGN KEY (permission_id) REFERENCES public.auth_permission(id) DEFERRABLE INITIALLY DEFERRED;


--
-- Name: users_user_user_permissions users_user_user_permissions_user_id_20aca447_fk_users_user_id; Type: FK CONSTRAINT; Schema: public; Owner: dev_app
--

ALTER TABLE ONLY public.users_user_user_permissions
    ADD CONSTRAINT users_user_user_permissions_user_id_20aca447_fk_users_user_id FOREIGN KEY (user_id) REFERENCES public.users_user(id) DEFERRABLE INITIALLY DEFERRED;


--
-- PostgreSQL database dump complete
--

